Age,Gender,BMI,Blood_Pressure,Cholesterol,Glucose,Smoking,Physical_Activity,Family_History,Previous_Visits,Medical_Expenses,Disease_Presence,Risk_Category
69,Female,33.8,131,188,91,No,High,No,2,39185.86,0,Medium Risk
32,Male,35.8,130,206,106,No,Low,No,0,36079.59,0,Low Risk
89,Female,32.3,127,228,112,No,Moderate,No,1,44357.69,1,Medium Risk
78,Male,26.6,133,234,117,No,Moderate,Yes,0,40697.66,0,Medium Risk
38,Male,28.0,112,185,107,Yes,Low,Yes,1,42985.44,0,Medium Risk
41,Female,34.1,134,183,89,Yes,Low,No,4,47644.95,0,Medium Risk
20,Female,29.0,125,164,100,No,High,Yes,2,30873.92,0,Low Risk
39,Male,22.9,114,151,90,No,High,Yes,5,32355.32,0,Low Risk
70,Female,33.5,119,173,102,Yes,High,No,2,46670.93,0,Medium Risk
19,Female,31.8,115,176,107,No,Moderate,No,3,31254.59,0,Low Risk
47,Female,27.6,103,161,103,No,Moderate,No,1,34732.23,0,Low Risk
55,Female,32.8,142,193,94,No,Low,Yes,5,44369.27,1,High Risk
19,Female,29.2,104,187,94,Yes,Low,No,2,39241.38,0,Low Risk
81,Female,30.1,134,189,87,No,Low,Yes,0,43255.45,1,High Risk
77,Female,24.4,123,235,106,Yes,Moderate,No,4,50884.66,0,Medium Risk
38,Female,34.3,110,160,72,No,Moderate,No,1,30752.51,0,Low Risk
50,Female,33.3,131,206,83,No,High,No,2,38047.8,0,Low Risk
75,Female,33.7,132,210,114,No,High,Yes,5,45637.05,1,High Risk
39,Male,36.7,121,206,60,No,High,No,2,37845.98,0,Low Risk
66,Male,35.0,121,175,130,No,High,Yes,2,39586.87,0,High Risk
76,Male,34.2,143,249,119,No,Low,Yes,5,52600.24,1,Critical Risk
59,Male,18.9,130,176,67,No,Moderate,No,0,31495.64,0,Low Risk
77,Female,36.8,134,219,143,No,Moderate,Yes,4,48062.83,1,High Risk
32,Female,29.0,127,201,131,No,Low,No,3,38171.98,0,Medium Risk
79,Female,32.5,134,191,103,No,High,No,5,42603.65,0,Medium Risk
79,Male,32.5,143,219,92,No,High,No,0,38350.12,1,Medium Risk
64,Female,34.1,113,180,128,No,Low,No,2,42347.31,1,High Risk
79,Female,36.6,140,234,103,No,Low,No,1,48285.15,0,Medium Risk
68,Female,33.6,128,182,106,No,Moderate,No,5,42394.07,0,Medium Risk
72,Female,33.0,134,200,123,No,Moderate,Yes,3,44474.56,0,Medium Risk
81,Female,32.2,137,210,104,No,High,No,1,39671.26,0,Medium Risk
20,Male,15.0,104,169,78,Yes,Low,No,2,33215.18,0,Low Risk
68,Female,29.0,135,233,82,Yes,Low,No,0,50633.54,0,Medium Risk
24,Male,23.5,103,154,77,No,Low,No,1,25990.04,0,Low Risk
38,Male,35.0,125,203,91,No,Low,No,5,38950.37,0,Medium Risk
56,Female,32.9,138,229,81,No,Low,Yes,1,40153.62,1,High Risk
35,Male,26.5,100,175,73,No,High,Yes,3,32047.02,0,Low Risk
21,Female,26.3,101,152,87,Yes,Moderate,No,1,36621.97,0,Low Risk
77,Male,28.9,125,164,76,No,Moderate,No,3,41479.27,0,Low Risk
31,Female,26.5,102,207,76,No,Low,No,5,35797.85,0,Low Risk
26,Male,21.1,103,157,115,Yes,Low,No,0,35380.76,0,Low Risk
70,Female,22.2,136,169,94,No,High,Yes,1,34218.92,0,Medium Risk
19,Female,28.1,123,136,79,No,Moderate,No,3,29696.96,0,Low Risk
77,Male,36.2,137,185,102,No,Moderate,No,1,40243.53,0,Medium Risk
88,Female,28.7,133,224,102,No,Moderate,No,3,43931.67,0,Low Risk
61,Female,31.6,135,213,109,No,Low,No,0,39179.8,1,Medium Risk
25,Male,31.9,89,183,97,No,Moderate,No,1,28800.0,0,Low Risk
64,Male,25.2,115,191,93,No,Low,No,0,32469.96,1,Low Risk
52,Female,29.5,99,159,94,Yes,High,No,2,38037.62,1,Medium Risk
53,Female,26.3,111,168,116,No,Low,No,4,35200.68,0,Medium Risk
67,Female,38.4,125,178,82,No,Moderate,No,1,41179.76,0,Medium Risk
21,Female,35.9,128,182,89,No,Low,No,3,33674.16,0,Low Risk
19,Male,23.0,80,138,86,No,Moderate,No,1,26082.35,0,Low Risk
23,Male,30.1,107,153,77,No,High,No,2,24858.94,0,Low Risk
71,Female,35.9,140,197,103,No,Moderate,No,3,46638.28,0,Medium Risk
21,Male,32.3,116,135,75,Yes,Moderate,No,0,31289.83,0,Medium Risk
71,Male,31.0,145,198,113,No,High,Yes,2,42495.95,1,High Risk
80,Female,37.5,139,205,88,No,Moderate,No,3,43957.03,0,Medium Risk
35,Female,24.2,117,194,106,No,Low,No,3,32005.34,0,Low Risk
61,Female,28.5,107,173,98,No,Low,No,1,36068.5,0,Low Risk
51,Female,25.2,110,154,88,No,Moderate,No,1,31315.97,1,Low Risk
79,Female,34.9,118,197,92,Yes,Moderate,Yes,2,52798.35,1,High Risk
31,Female,25.6,118,147,105,No,Low,Yes,0,32478.21,0,Low Risk
65,Female,29.4,131,193,91,No,Low,Yes,1,43398.77,0,Medium Risk
32,Male,31.7,119,137,74,No,High,No,4,29565.95,0,Low Risk
89,Male,34.9,131,199,126,No,Low,No,1,46950.74,1,Medium Risk
79,Female,26.4,122,179,90,No,Moderate,No,3,37119.59,0,Low Risk
57,Female,35.1,129,203,99,No,Low,No,5,41771.32,1,Medium Risk
70,Male,32.8,125,182,116,No,High,No,2,40567.77,0,Medium Risk
41,Male,23.6,105,138,94,Yes,Low,Yes,2,40080.37,0,Medium Risk
43,Male,22.5,110,169,117,No,Moderate,Yes,1,30668.47,0,Low Risk
77,Male,30.8,127,207,92,Yes,Low,No,3,48759.36,0,High Risk
58,Female,34.2,119,186,97,Yes,Moderate,No,1,41803.24,0,Medium Risk
46,Male,33.7,110,172,95,Yes,High,No,2,43809.36,0,Medium Risk
32,Female,30.4,119,160,101,No,Moderate,No,2,31638.72,0,Low Risk
62,Female,30.3,143,193,120,No,Moderate,No,1,38596.8,0,Medium Risk
82,Female,33.7,136,188,109,Yes,Moderate,Yes,4,56182.66,0,High Risk
88,Female,27.1,138,197,105,Yes,Low,No,2,50395.89,0,Medium Risk
26,Male,36.7,121,189,70,No,High,No,1,29508.62,0,Low Risk
18,Female,36.3,116,143,91,Yes,Low,No,2,39307.02,0,Medium Risk
25,Male,30.4,104,168,79,No,Moderate,Yes,0,27258.16,1,Medium Risk
80,Male,32.0,152,167,116,Yes,Low,No,0,50447.47,1,High Risk
28,Female,26.3,104,172,82,No,Low,No,1,32794.32,0,Low Risk
25,Male,30.9,119,150,86,No,Low,Yes,0,33566.71,0,Medium Risk
52,Male,26.1,126,202,74,No,Moderate,No,2,35302.61,1,Low Risk
52,Female,18.5,97,146,65,No,Moderate,Yes,4,30483.0,0,Medium Risk
50,Male,15.9,111,181,119,No,Moderate,No,2,29010.76,0,Low Risk
22,Female,24.1,108,186,88,Yes,Low,No,5,37442.16,0,Medium Risk
58,Male,30.7,127,168,105,No,Low,No,4,39727.68,1,Medium Risk
45,Female,30.9,123,164,82,No,Moderate,No,4,34237.74,0,Low Risk
24,Female,25.8,117,146,100,Yes,High,Yes,2,37849.75,0,Medium Risk
89,Female,32.2,139,199,119,Yes,Low,Yes,3,59015.73,1,High Risk
29,Female,27.1,116,179,77,No,Moderate,Yes,3,32777.69,0,Low Risk
51,Male,24.6,119,168,79,No,Moderate,Yes,2,36825.37,0,Medium Risk
50,Female,29.2,111,160,85,No,Moderate,No,3,34490.7,0,Low Risk
65,Male,34.3,130,156,102,No,High,Yes,2,38572.14,0,Medium Risk
40,Female,24.2,123,205,94,No,High,No,1,27725.7,0,Low Risk
79,Male,26.2,143,231,104,No,Moderate,No,2,41771.14,0,Medium Risk
54,Female,24.4,126,193,115,No,Low,No,1,37662.0,0,Low Risk
61,Male,20.4,135,166,85,Yes,High,No,1,39552.36,0,Medium Risk
52,Female,27.2,126,197,80,No,Moderate,No,6,37595.62,0,Low Risk
82,Female,34.7,146,225,108,No,Low,No,2,45512.96,0,High Risk
64,Female,31.1,138,188,76,No,Moderate,Yes,1,40198.13,0,Medium Risk
20,Male,27.2,106,164,97,No,High,No,2,25329.02,0,Low Risk
18,Female,28.5,116,188,88,Yes,High,No,1,38223.73,0,Low Risk
22,Male,25.7,99,130,81,No,Low,No,2,27036.29,0,Low Risk
31,Male,18.8,112,183,80,Yes,Moderate,No,4,34844.69,0,Low Risk
44,Male,33.1,127,176,110,No,High,No,1,35703.11,0,Low Risk
26,Male,33.7,125,150,104,No,Low,No,1,35326.63,0,Low Risk
32,Female,25.0,120,148,85,No,Moderate,No,4,31100.51,0,Low Risk
59,Female,29.2,136,171,108,Yes,Moderate,No,4,46099.01,0,Medium Risk
68,Male,29.2,128,169,115,No,Moderate,No,2,36775.4,0,Low Risk
80,Male,32.8,132,239,112,No,Low,Yes,3,47988.99,0,High Risk
69,Male,38.9,131,212,103,No,Moderate,Yes,3,43300.42,0,Medium Risk
21,Male,33.8,115,190,95,No,High,No,3,31021.42,0,Low Risk
40,Female,27.1,98,186,77,No,Moderate,No,1,33999.63,0,Low Risk
32,Male,31.3,129,175,93,No,Moderate,Yes,1,35738.94,0,Medium Risk
60,Male,36.3,130,196,99,No,Moderate,No,0,35515.06,0,Medium Risk
46,Male,31.3,117,174,90,No,Low,No,0,35382.72,1,Low Risk
53,Female,29.6,98,179,71,No,Moderate,No,2,33837.03,1,Low Risk
30,Female,30.7,114,144,75,No,Low,Yes,2,36131.59,0,Medium Risk
49,Female,25.9,118,201,87,No,High,No,3,31400.96,0,Low Risk
88,Female,28.6,128,169,121,Yes,Low,No,3,52100.79,0,Medium Risk
76,Female,25.5,123,174,107,No,Moderate,No,3,40460.15,0,Low Risk
45,Male,30.8,120,221,109,No,Moderate,No,2,33335.6,1,Low Risk
83,Female,30.5,130,206,125,No,High,No,2,40379.65,1,Medium Risk
59,Female,25.8,129,189,102,No,Low,Yes,1,40224.62,0,Medium Risk
62,Female,29.3,119,203,102,No,Low,No,1,41200.47,0,Low Risk
79,Female,33.3,137,173,92,No,Low,Yes,3,48855.0,0,High Risk
74,Female,40.3,149,178,138,Yes,High,No,6,49661.8,0,Critical Risk
23,Female,33.2,112,161,68,No,Low,No,0,33058.12,0,Low Risk
45,Female,17.8,117,153,92,No,Low,No,2,34076.69,0,Low Risk
45,Female,30.4,123,179,108,Yes,Low,Yes,2,50453.34,0,High Risk
61,Female,37.2,130,206,115,Yes,Moderate,No,2,48029.73,0,Medium Risk
47,Female,22.7,116,204,75,No,Low,Yes,1,36308.59,0,Low Risk
79,Male,33.7,130,220,100,Yes,Low,No,2,48427.5,0,High Risk
79,Female,29.8,135,181,93,No,Low,No,2,37990.13,0,Low Risk
18,Male,33.7,108,160,60,Yes,Moderate,No,2,35172.41,1,Medium Risk
44,Female,31.2,136,168,97,No,Moderate,No,1,34839.32,0,Low Risk
79,Female,26.5,140,178,93,No,Moderate,Yes,2,42722.52,0,Medium Risk
20,Female,27.0,94,138,109,No,High,No,0,26941.0,0,Low Risk
87,Male,30.6,123,239,117,Yes,High,No,2,55364.73,1,Medium Risk
89,Male,30.8,137,208,109,No,Moderate,No,2,41758.25,0,Medium Risk
44,Male,34.8,118,179,90,No,Moderate,No,3,32797.76,0,Low Risk
26,Female,24.1,108,174,89,No,Moderate,No,0,28898.34,0,Low Risk
79,Male,36.0,143,216,104,No,High,No,1,41374.06,1,Medium Risk
54,Male,28.2,126,207,98,Yes,Moderate,No,2,42337.58,0,Medium Risk
68,Male,31.5,133,181,131,No,Moderate,No,5,42796.97,1,High Risk
61,Female,30.4,141,198,84,No,Moderate,No,2,36499.7,1,Medium Risk
41,Female,28.9,104,159,91,No,High,No,3,30685.16,0,Low Risk
76,Male,30.7,134,196,115,Yes,Low,Yes,3,53657.76,1,High Risk
49,Male,36.7,119,189,93,No,Low,No,0,35315.61,0,Low Risk
69,Female,34.7,146,202,128,No,Moderate,Yes,2,42309.26,0,Critical Risk
79,Female,29.1,111,202,115,No,Low,Yes,1,45238.83,0,Medium Risk
75,Female,38.7,115,221,97,No,Moderate,No,1,44846.61,0,Medium Risk
69,Male,31.8,134,184,106,Yes,Low,No,2,50778.83,0,High Risk
29,Female,30.2,125,175,80,No,Low,Yes,2,38677.04,0,Medium Risk
56,Female,25.6,130,168,85,No,High,No,2,31426.12,0,Low Risk
19,Female,25.5,99,220,83,No,Moderate,No,1,28786.89,1,Low Risk
20,Female,24.6,122,143,104,No,Moderate,No,3,26068.93,0,Low Risk
73,Male,31.1,119,184,115,No,Low,No,6,43181.94,1,Medium Risk
76,Male,34.0,147,220,106,No,Low,No,1,46565.74,1,High Risk
19,Female,29.8,99,156,99,No,High,No,4,31215.52,0,Low Risk
19,Female,35.9,109,187,94,No,Moderate,Yes,1,38497.96,0,Medium Risk
71,Female,26.1,135,196,84,No,Moderate,Yes,2,42951.72,0,Medium Risk
18,Female,28.5,94,155,84,Yes,High,Yes,0,36903.8,0,Medium Risk
36,Female,22.4,127,154,88,No,High,No,3,30855.04,0,Low Risk
19,Female,23.3,103,144,96,No,High,No,1,26023.34,0,Low Risk
70,Male,36.8,135,193,97,No,Moderate,No,1,38352.36,0,Medium Risk
61,Female,27.7,137,185,85,No,Low,No,1,35239.59,0,Low Risk
49,Male,25.4,111,163,94,No,Moderate,No,1,32945.47,0,Low Risk
87,Male,20.7,143,196,94,No,Moderate,Yes,0,44736.73,0,Medium Risk
49,Female,25.4,136,157,90,Yes,Low,No,3,45922.91,0,Low Risk
85,Male,30.2,130,220,106,Yes,Moderate,No,0,44879.63,1,Medium Risk
72,Male,23.8,141,211,95,No,Low,Yes,0,40585.29,0,High Risk
73,Male,29.3,113,183,118,Yes,Moderate,Yes,4,49717.44,1,High Risk
34,Female,35.1,122,163,115,No,Low,No,3,33493.86,0,Low Risk
55,Male,26.2,110,187,109,No,Moderate,No,3,31830.25,0,Low Risk
41,Male,24.3,125,199,65,No,Low,No,1,32195.77,0,Low Risk
86,Male,25.7,143,231,96,Yes,High,No,1,47547.42,0,Medium Risk
87,Male,25.6,155,174,103,No,Moderate,No,3,38860.33,1,Medium Risk
28,Male,31.1,128,191,63,Yes,Moderate,Yes,0,37827.49,0,Medium Risk
33,Male,28.9,113,171,78,No,High,No,3,31404.61,0,Low Risk
76,Female,35.6,124,203,104,No,Moderate,No,3,41760.23,0,Medium Risk
87,Male,41.4,148,225,105,No,High,No,2,44355.93,0,Medium Risk
20,Male,18.8,104,147,83,No,Low,No,1,24491.07,0,Low Risk
37,Male,30.8,133,198,72,Yes,Low,No,4,42202.77,1,Medium Risk
76,Male,25.2,108,224,95,No,Low,No,2,41987.64,0,Low Risk
53,Female,33.6,147,217,101,Yes,Low,No,3,48168.76,1,High Risk
36,Female,27.4,120,136,91,No,High,No,2,29711.5,0,Low Risk
84,Male,31.3,128,200,114,Yes,Low,No,3,51978.39,1,High Risk
36,Male,22.4,120,130,95,No,Moderate,Yes,0,26418.89,1,Low Risk
37,Male,26.7,128,158,85,No,Moderate,No,5,32587.25,0,Low Risk
88,Female,31.8,139,160,110,No,Moderate,No,3,39816.56,0,Medium Risk
69,Female,37.2,116,210,93,No,Moderate,No,2,42110.04,0,Medium Risk
50,Female,25.5,117,184,91,No,Moderate,Yes,4,35295.33,0,Low Risk
57,Male,27.1,134,177,82,Yes,Low,No,1,45013.0,0,Medium Risk
56,Female,34.5,132,175,116,No,Low,No,2,39887.42,0,Medium Risk
18,Male,23.6,104,165,80,Yes,Moderate,No,1,31782.34,0,Low Risk
28,Male,34.1,128,153,108,No,Moderate,No,2,32664.71,0,Low Risk
74,Male,30.7,139,177,109,No,Moderate,No,0,35472.65,1,Medium Risk
67,Male,31.9,138,171,89,No,High,No,1,35561.24,1,Medium Risk
40,Female,30.8,114,174,98,No,Moderate,No,2,35155.78,0,Low Risk
48,Female,26.3,114,168,107,No,Moderate,No,2,35700.88,0,Low Risk
59,Male,31.9,110,183,99,No,Low,Yes,2,39944.57,1,High Risk
24,Female,24.3,106,174,88,Yes,Moderate,Yes,3,39308.14,0,Medium Risk
33,Female,26.1,123,189,82,No,Moderate,No,1,27908.04,0,Low Risk
77,Female,33.6,133,232,106,No,Low,No,2,43491.61,1,Medium Risk
19,Female,29.4,114,166,91,No,Low,No,1,27874.87,0,Low Risk
18,Female,27.5,119,169,77,No,Moderate,Yes,3,32937.7,0,Low Risk
65,Female,24.0,129,191,82,Yes,Moderate,No,1,45081.24,0,Medium Risk
29,Female,23.4,115,132,107,No,Low,No,1,29452.81,0,Low Risk
86,Male,32.7,124,200,117,No,Moderate,Yes,2,42968.6,0,Medium Risk
54,Male,33.4,122,181,91,Yes,Low,No,1,45894.59,0,High Risk
49,Female,23.9,136,168,97,No,High,No,4,31504.6,0,Low Risk
26,Male,24.1,110,164,65,No,Low,No,1,29494.14,0,Low Risk
36,Female,29.5,135,170,62,No,Moderate,Yes,1,38442.14,0,Low Risk
65,Male,30.8,121,173,118,No,Moderate,No,1,35185.32,0,Medium Risk
20,Male,19.9,107,154,87,No,High,Yes,1,24430.71,0,Low Risk
37,Male,29.7,113,163,92,No,Low,Yes,2,33248.2,0,Low Risk
41,Male,26.1,122,123,96,No,Moderate,Yes,3,33889.67,0,Low Risk
71,Female,38.8,144,175,155,No,Moderate,No,3,45082.82,1,High Risk
50,Female,30.7,128,186,110,Yes,Moderate,Yes,4,48062.68,0,High Risk
41,Female,31.2,129,201,79,No,Moderate,No,3,35169.5,0,Low Risk
89,Female,33.7,139,161,84,No,Moderate,Yes,0,42008.69,1,Medium Risk
53,Male,23.6,118,163,111,No,High,Yes,1,30427.71,0,Medium Risk
55,Female,39.5,111,203,115,No,Low,No,1,39812.68,0,Medium Risk
42,Female,21.0,121,189,99,No,Low,Yes,1,32444.59,1,Low Risk
35,Female,32.7,119,168,81,Yes,High,No,3,38029.5,0,Medium Risk
83,Male,34.2,137,193,114,No,Low,Yes,3,48542.45,0,High Risk
71,Female,28.2,128,219,91,No,High,Yes,3,41328.83,0,Medium Risk
52,Female,32.9,124,203,108,No,Moderate,Yes,2,37242.11,0,Medium Risk
78,Female,29.3,130,217,119,No,Moderate,No,2,43862.33,0,Low Risk
58,Female,26.5,118,176,89,No,Low,Yes,3,40007.67,0,Medium Risk
50,Male,31.8,125,207,114,No,Low,No,1,35475.69,1,Low Risk
85,Female,26.2,139,163,107,No,Moderate,No,3,40006.45,0,Low Risk
50,Female,28.4,113,205,103,Yes,High,No,2,40767.59,0,Low Risk
31,Male,25.6,108,167,69,No,High,No,5,26258.26,0,Low Risk
38,Female,27.2,114,177,95,No,Low,No,2,35801.22,0,Low Risk
65,Female,32.4,129,176,92,No,Low,No,2,38171.44,0,Medium Risk
37,Male,25.9,113,136,98,No,Low,Yes,1,34332.74,0,Low Risk
25,Male,27.3,117,168,110,No,High,Yes,2,28543.88,0,Low Risk
24,Male,25.7,93,175,91,No,Low,Yes,4,33271.49,0,Medium Risk
84,Male,38.4,125,225,97,Yes,Low,Yes,1,56536.84,1,High Risk
34,Male,30.4,118,186,101,No,Low,Yes,1,37278.6,0,Medium Risk
50,Female,30.6,116,191,103,No,Low,No,1,37491.72,0,Low Risk
65,Male,33.7,139,177,133,No,High,No,3,38452.1,0,High Risk
76,Male,27.8,143,213,107,No,Moderate,No,0,36940.61,0,Medium Risk
39,Female,33.2,122,159,86,Yes,Low,Yes,3,45028.78,1,High Risk
47,Female,31.1,111,205,108,Yes,Low,Yes,0,48491.92,0,High Risk
55,Male,21.9,131,178,93,No,Low,No,1,31920.85,0,Low Risk
68,Male,23.3,128,188,100,No,Low,No,0,33736.54,0,Low Risk
71,Male,27.7,114,212,88,Yes,Low,No,0,48896.09,0,Medium Risk
25,Female,21.6,94,182,84,No,Moderate,No,0,25744.06,0,Low Risk
44,Male,28.0,134,194,94,No,Low,No,1,36552.61,0,Low Risk
44,Female,24.1,130,159,90,No,Low,No,2,35956.37,0,Low Risk
38,Female,28.4,91,190,83,No,Moderate,Yes,1,33895.67,0,Low Risk
47,Male,36.4,110,171,102,No,Moderate,No,3,34929.01,0,Low Risk
45,Female,29.0,131,195,81,Yes,Moderate,No,2,41871.36,0,Low Risk
81,Female,29.5,134,173,88,No,Moderate,Yes,4,47136.61,0,Medium Risk
86,Male,33.2,145,206,119,No,Moderate,No,0,41444.75,1,Medium Risk
78,Female,27.4,131,182,113,No,Moderate,No,3,40808.23,0,Low Risk
65,Female,34.5,137,213,83,No,Low,No,4,44504.76,0,Medium Risk
36,Female,31.3,117,198,65,No,High,Yes,1,34174.24,0,Medium Risk
21,Female,28.2,105,169,72,Yes,Low,No,4,41492.07,0,Medium Risk
52,Female,30.4,134,188,95,No,Moderate,No,2,35778.24,0,Medium Risk
81,Female,41.3,142,225,128,No,Moderate,No,0,47344.32,1,High Risk
66,Female,35.0,137,220,101,No,Moderate,Yes,1,40304.25,1,Medium Risk
34,Female,39.7,122,182,84,No,High,No,1,36123.12,1,Low Risk
61,Female,32.7,123,182,103,No,Moderate,No,2,40439.35,0,Medium Risk
47,Female,22.0,133,188,91,No,High,No,2,30968.61,0,Low Risk
63,Male,28.8,130,153,79,No,High,Yes,3,37729.42,0,Medium Risk
23,Male,19.6,102,177,64,No,High,No,2,25096.82,0,Low Risk
54,Male,32.3,138,174,78,No,High,No,3,32466.95,1,Medium Risk
41,Male,32.8,107,176,132,Yes,High,Yes,1,43104.05,0,High Risk
63,Male,25.7,147,206,112,No,Moderate,No,1,34564.63,0,Medium Risk
70,Female,27.2,127,185,92,No,Moderate,No,3,40523.38,0,Low Risk
77,Male,31.6,121,214,122,Yes,Low,Yes,1,55023.65,1,High Risk
80,Female,25.0,151,220,95,Yes,Moderate,No,3,48890.95,1,Medium Risk
49,Male,23.1,114,180,110,Yes,High,Yes,1,40481.43,0,Medium Risk
50,Female,35.7,127,194,100,Yes,Moderate,No,2,45580.03,0,Medium Risk
84,Female,31.8,144,203,98,No,High,No,1,39047.55,1,Medium Risk
35,Male,26.0,126,174,101,No,High,No,2,29249.76,0,Low Risk
42,Female,20.6,117,149,92,No,Low,No,4,30916.36,0,Low Risk
71,Male,34.8,126,194,111,No,Low,Yes,2,46950.19,0,High Risk
75,Female,27.3,133,171,106,No,Low,No,2,43242.09,1,Low Risk
84,Male,40.5,137,194,114,No,Low,No,3,48871.41,0,Medium Risk
63,Female,34.4,132,155,114,No,Moderate,No,3,37205.57,0,Medium Risk
41,Male,25.0,132,179,131,No,High,No,1,30945.89,0,Low Risk
49,Female,25.9,127,213,113,No,Moderate,No,2,37041.25,0,Low Risk
64,Female,38.8,134,190,108,No,Moderate,Yes,1,45500.29,0,Medium Risk
40,Male,28.6,125,196,88,No,Low,Yes,3,34545.88,0,Low Risk
83,Male,28.6,143,225,103,Yes,Low,Yes,3,56526.01,1,High Risk
44,Male,29.3,108,155,76,No,Moderate,No,1,28005.05,0,Low Risk
19,Male,25.4,108,142,95,No,Low,Yes,3,31610.2,0,Low Risk
34,Female,29.9,141,194,76,No,Low,Yes,1,40496.55,0,Medium Risk
50,Male,29.1,134,181,91,No,Moderate,No,2,36750.41,0,Low Risk
26,Male,32.7,109,145,100,Yes,Low,Yes,3,46155.52,1,High Risk
60,Male,28.1,119,175,95,No,High,No,3,31784.6,0,Low Risk
65,Female,25.8,120,198,92,Yes,Low,Yes,3,48479.19,0,High Risk
56,Male,28.1,132,170,80,No,Low,Yes,0,37090.92,0,Medium Risk
59,Male,28.2,141,132,117,No,Low,No,0,36199.49,0,Medium Risk
43,Male,28.8,124,172,81,No,Low,Yes,5,39112.1,0,Medium Risk
67,Male,33.5,132,192,94,Yes,Moderate,No,0,48281.32,0,Medium Risk
42,Female,32.0,115,180,68,No,Moderate,No,1,30912.64,0,Low Risk
41,Male,35.0,124,207,96,No,Moderate,Yes,0,36156.78,0,Medium Risk
30,Male,24.4,103,168,83,No,Moderate,Yes,3,34190.05,0,Low Risk
77,Female,32.8,115,207,108,Yes,Moderate,No,1,46349.98,1,Medium Risk
24,Female,31.8,129,190,72,No,Moderate,Yes,3,36634.68,0,Medium Risk
74,Male,27.3,120,196,114,No,Low,Yes,1,42561.37,0,Medium Risk
53,Female,28.6,119,227,69,Yes,Moderate,No,7,46829.7,0,Medium Risk
62,Female,21.4,129,159,95,No,Moderate,No,3,33102.29,0,Low Risk
37,Male,33.4,133,160,96,No,High,No,2,33269.64,0,Low Risk
82,Female,30.0,137,215,107,No,Moderate,No,1,40578.34,0,Medium Risk
25,Female,32.3,101,195,92,No,Low,No,2,30675.65,0,Low Risk
33,Male,29.7,112,169,103,No,Low,Yes,2,37104.15,0,Low Risk
31,Male,27.6,106,150,110,No,High,No,4,24131.07,0,Low Risk
32,Male,20.6,110,200,85,No,Low,No,1,28754.79,0,Low Risk
83,Female,24.1,145,183,90,No,Low,No,5,43594.85,0,Medium Risk
49,Female,16.5,89,179,99,No,Low,No,1,32590.84,0,Low Risk
80,Female,28.2,129,226,101,No,Low,Yes,2,48679.12,0,Medium Risk
68,Male,41.8,130,195,126,No,Low,Yes,1,50682.46,1,High Risk
42,Female,22.7,103,160,82,No,Moderate,No,2,32771.58,0,Low Risk
75,Female,17.6,132,178,86,No,Moderate,No,2,35790.95,0,Low Risk
80,Male,35.8,123,224,110,No,High,Yes,0,45265.24,0,Medium Risk
79,Male,42.8,127,232,84,No,Low,Yes,4,50202.8,1,High Risk
39,Female,30.4,126,178,86,No,Low,No,2,36933.69,0,Low Risk
75,Male,32.2,148,238,100,Yes,Moderate,No,3,49249.41,0,High Risk
75,Female,29.2,131,198,107,Yes,Moderate,No,0,48204.33,0,Medium Risk
66,Male,21.3,112,212,83,No,Moderate,No,2,33132.12,0,Low Risk
69,Male,23.2,119,181,86,No,High,Yes,1,35281.84,0,Medium Risk
59,Male,28.4,135,234,116,No,Low,Yes,3,44700.33,0,Medium Risk
87,Male,28.8,137,236,107,Yes,High,No,1,52585.08,0,Medium Risk
32,Female,28.0,113,169,103,Yes,Moderate,No,7,42836.78,0,Low Risk
71,Male,34.7,136,229,97,Yes,Low,Yes,2,54085.57,1,High Risk
77,Female,27.9,131,226,103,Yes,High,Yes,0,47718.69,0,Medium Risk
25,Female,32.5,129,202,93,Yes,Moderate,No,3,43521.98,0,Medium Risk
70,Female,27.6,121,144,128,No,Low,No,5,40606.15,0,High Risk
77,Male,36.0,127,219,104,No,Low,No,1,44190.66,0,Medium Risk
22,Female,28.5,96,176,85,No,Low,Yes,1,34743.44,0,Low Risk
85,Female,29.1,130,213,123,No,Moderate,No,1,44809.47,0,Low Risk
23,Male,28.5,100,170,82,No,Low,No,2,31563.69,0,Low Risk
64,Male,28.7,129,196,104,Yes,Low,No,1,44262.78,1,Medium Risk
72,Female,31.2,132,223,119,Yes,Low,No,4,49265.3,1,High Risk
57,Female,33.6,116,201,91,No,Moderate,No,2,39015.1,1,Medium Risk
69,Male,30.0,135,199,107,No,High,No,3,38026.19,1,Medium Risk
33,Female,26.8,129,194,116,No,Moderate,No,2,34183.59,0,Low Risk
30,Female,22.9,114,174,101,No,Low,No,0,34264.24,0,Low Risk
47,Female,32.2,96,194,101,No,High,No,1,31650.59,0,Low Risk
36,Female,30.5,137,213,89,No,Moderate,No,5,38945.23,0,Low Risk
34,Female,22.8,119,159,80,No,High,No,4,27643.76,0,Low Risk
80,Male,35.2,156,175,93,No,Moderate,No,1,44453.78,1,Medium Risk
36,Male,22.8,124,171,112,No,Moderate,No,3,32553.76,0,Low Risk
75,Male,35.9,148,208,126,No,Moderate,No,2,40184.58,0,Medium Risk
72,Female,34.0,135,214,95,Yes,Low,No,3,51147.24,1,High Risk
79,Female,33.0,133,205,111,No,Moderate,No,1,45835.83,0,Medium Risk
40,Male,27.1,120,190,94,No,High,No,1,33674.89,0,Low Risk
26,Female,31.2,106,220,108,No,High,No,1,32182.11,0,Low Risk
29,Female,33.8,120,190,97,No,High,Yes,1,35288.03,0,Medium Risk
18,Female,30.9,83,185,87,No,Moderate,No,2,29118.0,0,Low Risk
75,Male,27.4,131,194,95,No,Low,Yes,2,44013.68,0,Medium Risk
18,Female,29.2,122,136,92,No,Low,Yes,0,32549.51,0,Low Risk
51,Male,35.2,126,142,94,No,Moderate,No,1,36955.09,1,Medium Risk
65,Male,41.2,151,191,109,No,Moderate,Yes,0,45419.35,1,High Risk
18,Male,26.9,105,110,85,No,Low,Yes,2,28281.47,0,Low Risk
33,Male,32.9,127,186,87,No,Low,Yes,0,38051.81,1,Medium Risk
78,Male,36.6,128,198,93,Yes,Moderate,Yes,3,53061.69,1,High Risk
81,Female,27.0,143,173,112,No,Moderate,No,2,39941.47,0,Medium Risk
80,Male,39.9,141,212,110,No,High,No,2,46580.17,1,Medium Risk
86,Female,26.0,132,187,133,No,Moderate,No,4,42929.76,1,Medium Risk
39,Male,33.0,93,188,79,No,Moderate,No,2,27784.8,0,Low Risk
84,Female,32.7,134,220,117,Yes,Moderate,Yes,1,53915.3,1,High Risk
43,Female,29.4,121,165,93,No,High,Yes,0,35985.34,0,Low Risk
33,Male,41.4,129,178,127,No,Moderate,No,1,34382.3,0,Medium Risk
68,Male,28.9,144,198,110,No,High,No,1,38827.13,0,Medium Risk
74,Male,29.1,152,169,108,Yes,High,No,2,43828.6,0,Medium Risk
46,Female,36.0,136,190,96,No,High,No,1,38200.57,1,Low Risk
86,Female,35.1,133,181,99,No,Moderate,No,4,42827.57,0,Medium Risk
64,Male,36.6,128,209,108,No,Low,No,1,40869.57,0,Medium Risk
79,Female,31.5,142,193,85,Yes,Low,No,2,50248.45,1,High Risk
86,Male,32.9,143,179,88,No,Low,No,0,43500.32,1,High Risk
33,Male,38.2,136,168,110,No,Low,Yes,1,43324.64,1,Medium Risk
65,Female,26.1,151,179,73,Yes,Low,No,2,46940.74,0,High Risk
56,Male,29.3,147,208,93,No,Low,No,2,38973.88,1,Medium Risk
50,Female,33.5,139,190,82,No,Moderate,No,5,37330.84,0,Low Risk
40,Male,28.0,122,157,87,Yes,Moderate,No,3,36441.52,0,Low Risk
27,Female,25.5,124,199,91,No,Low,Yes,0,34062.74,0,Low Risk
86,Male,34.4,155,221,124,No,Moderate,No,1,42039.72,0,Medium Risk
51,Male,36.2,124,182,118,No,Moderate,No,0,32624.08,1,Medium Risk
69,Female,29.7,124,164,88,Yes,Moderate,Yes,2,48259.76,0,Medium Risk
27,Male,27.5,104,159,82,Yes,High,No,2,33466.93,0,Low Risk
36,Female,25.6,105,167,151,No,Low,Yes,5,42121.61,1,High Risk
75,Female,29.3,118,205,100,No,Low,No,2,39869.83,0,Low Risk
18,Female,33.3,113,179,75,Yes,Moderate,No,2,39556.14,1,Medium Risk
86,Female,31.7,127,223,97,Yes,Low,No,3,54633.24,0,High Risk
21,Female,24.0,100,129,82,Yes,Moderate,Yes,5,41181.78,0,Medium Risk
33,Female,30.0,122,177,85,No,Moderate,No,5,33380.09,0,Low Risk
41,Female,34.3,122,178,92,No,Low,No,2,39699.88,0,Low Risk
19,Female,25.1,111,215,85,No,Low,Yes,1,34914.06,0,Low Risk
49,Male,22.8,132,178,93,Yes,Low,No,0,43630.66,0,Low Risk
41,Male,40.0,132,174,83,No,Moderate,No,1,40079.55,0,Low Risk
29,Female,21.6,125,166,92,Yes,Moderate,Yes,1,39480.76,0,Medium Risk
67,Male,28.6,129,192,103,No,Low,No,1,39288.09,0,Low Risk
52,Female,30.8,139,146,105,No,Low,No,2,37334.56,0,Medium Risk
50,Male,28.1,125,190,70,No,Low,No,2,38275.98,0,Low Risk
50,Male,29.1,123,177,99,No,Low,No,1,40866.94,0,Low Risk
78,Female,33.8,150,203,77,Yes,High,Yes,1,52473.59,1,High Risk
68,Female,18.4,115,168,95,Yes,Low,No,1,40102.26,1,Medium Risk
60,Male,23.7,143,163,107,No,Moderate,No,2,33153.44,0,Medium Risk
29,Female,28.7,110,187,105,No,High,Yes,2,35580.57,0,Low Risk
84,Female,29.2,123,225,111,No,Low,No,1,41404.96,0,Low Risk
82,Male,31.7,142,212,117,No,Moderate,No,3,41763.05,0,Medium Risk
50,Female,30.6,119,148,92,No,High,No,2,31490.26,0,Low Risk
57,Male,19.3,140,189,87,Yes,High,Yes,1,41826.82,0,Medium Risk
60,Male,36.4,125,159,142,Yes,Moderate,No,1,47123.88,1,High Risk
61,Female,27.6,128,175,111,No,Moderate,Yes,1,35728.74,0,Medium Risk
46,Male,25.0,104,194,76,Yes,High,No,3,34896.85,0,Low Risk
30,Female,29.5,122,184,64,No,Low,No,1,29535.39,0,Low Risk
29,Female,29.0,105,179,83,Yes,High,No,5,35717.69,0,Low Risk
63,Male,36.1,137,222,121,No,Moderate,Yes,1,43672.05,0,Medium Risk
19,Female,29.3,105,176,88,No,Moderate,No,3,30081.97,0,Low Risk
52,Female,35.4,105,149,66,Yes,High,Yes,5,47303.53,1,High Risk
25,Male,23.6,110,156,84,No,High,Yes,1,28967.59,1,Low Risk
43,Female,29.9,120,178,94,No,Moderate,No,0,31843.28,0,Low Risk
51,Female,24.0,128,176,60,No,Low,No,3,35382.73,0,Low Risk
24,Female,28.7,127,155,89,Yes,Moderate,Yes,2,43374.97,0,Medium Risk
85,Female,30.7,155,184,92,No,Moderate,Yes,0,43948.8,1,High Risk
75,Male,30.0,141,246,76,Yes,Moderate,No,0,46588.22,0,High Risk
46,Female,28.6,122,172,119,No,High,No,2,31597.29,0,Low Risk
53,Female,33.3,111,235,83,No,High,Yes,1,36759.93,0,Medium Risk
38,Female,20.9,115,146,79,Yes,Moderate,No,2,38120.11,0,Low Risk
53,Female,25.2,123,195,85,No,Low,No,2,36387.67,0,Low Risk
27,Female,28.1,110,173,89,No,Moderate,No,2,34160.92,0,Low Risk
41,Female,23.2,121,154,118,No,Moderate,No,3,31133.59,0,Low Risk
81,Female,31.3,146,194,88,No,Moderate,Yes,2,46196.92,0,High Risk
66,Female,30.0,120,193,97,No,Moderate,No,1,38356.54,0,Medium Risk
53,Female,22.6,111,163,96,No,Moderate,No,2,32340.62,0,Low Risk
41,Female,21.8,113,166,77,Yes,Low,No,2,39024.25,0,Low Risk
40,Female,15.9,105,119,83,No,Low,No,2,29604.52,0,Low Risk
79,Male,24.8,115,211,112,No,Moderate,No,4,40449.34,1,Low Risk
54,Male,29.8,114,210,86,No,Low,Yes,4,41375.46,0,Medium Risk
29,Male,29.2,101,179,85,No,Low,Yes,0,34290.55,1,Low Risk
72,Female,31.6,144,243,97,No,Low,Yes,3,47725.82,1,Critical Risk
30,Female,24.6,128,181,87,No,Moderate,No,1,26910.76,0,Low Risk
40,Female,28.9,106,199,97,No,Low,No,3,35991.29,0,Low Risk
47,Male,31.3,127,208,105,No,High,No,3,34203.77,0,Low Risk
34,Female,22.4,121,113,118,No,Moderate,Yes,2,36360.43,1,Low Risk
79,Male,31.6,119,211,66,No,Moderate,No,2,40006.76,0,Medium Risk
30,Male,31.8,117,145,89,No,Moderate,No,1,30197.74,0,Low Risk
76,Female,28.3,157,174,83,Yes,Low,No,2,50719.5,0,High Risk
36,Female,34.1,125,158,88,No,Moderate,Yes,0,33597.12,0,Medium Risk
66,Male,28.0,125,185,114,No,High,Yes,1,36929.31,0,Medium Risk
29,Male,24.1,105,179,106,Yes,Moderate,No,2,36285.33,1,Low Risk
78,Male,33.7,115,212,125,Yes,High,No,1,48192.11,0,Medium Risk
36,Male,39.0,126,182,114,No,Moderate,Yes,2,38040.44,0,Medium Risk
26,Female,28.7,131,183,86,No,Low,No,2,32495.15,0,Low Risk
88,Male,34.6,131,226,131,No,Low,Yes,1,47006.63,1,High Risk
45,Female,26.7,99,187,118,No,Moderate,No,0,32592.17,0,Low Risk
69,Female,24.2,120,156,102,Yes,Moderate,No,2,44213.71,0,Medium Risk
33,Male,29.5,124,158,109,Yes,Low,Yes,3,45951.45,0,Medium Risk
86,Male,32.9,134,208,109,No,High,No,3,40184.57,0,Medium Risk
29,Male,26.7,104,183,110,No,Moderate,No,1,30179.68,0,Low Risk
42,Male,32.3,120,154,93,No,Low,Yes,2,35736.04,0,Medium Risk
69,Male,27.2,130,192,92,Yes,High,No,3,43505.75,1,Medium Risk
70,Female,26.0,114,161,84,No,High,Yes,1,37290.01,0,Medium Risk
40,Male,34.3,118,201,93,No,Moderate,Yes,2,36923.54,1,Medium Risk
33,Female,34.0,112,181,94,No,High,Yes,1,31309.33,0,Medium Risk
74,Male,27.5,124,169,89,No,High,Yes,4,36303.22,0,Medium Risk
56,Female,38.4,118,167,98,No,Moderate,Yes,2,41690.07,1,Medium Risk
70,Female,29.1,139,203,94,No,Low,Yes,5,47178.64,1,Medium Risk
59,Female,30.4,119,217,83,Yes,Low,No,2,47920.81,0,High Risk
75,Female,30.3,112,177,120,Yes,Moderate,Yes,4,52765.51,1,High Risk
56,Female,32.4,128,205,117,No,Low,No,3,40794.56,1,Medium Risk
31,Female,29.9,122,161,106,No,High,Yes,0,34269.02,0,Low Risk
22,Female,29.4,103,183,87,No,Moderate,Yes,3,33909.06,0,Low Risk
52,Female,24.5,114,194,95,No,Moderate,Yes,1,35191.74,0,Medium Risk
35,Male,20.3,105,170,72,No,High,No,3,27101.06,0,Low Risk
26,Male,34.0,111,136,97,No,High,No,2,29205.34,0,Low Risk
75,Female,28.0,142,211,106,No,Low,No,1,45671.82,0,Medium Risk
34,Female,28.5,114,183,134,Yes,Low,Yes,0,48445.09,0,High Risk
24,Female,29.8,120,176,105,Yes,Moderate,No,1,38845.59,0,Low Risk
63,Female,38.3,122,202,108,No,Moderate,Yes,1,42583.15,0,Medium Risk
30,Female,29.3,110,153,90,No,Moderate,Yes,4,37600.26,1,Low Risk
57,Male,27.9,133,208,113,Yes,Moderate,No,1,45425.88,0,Medium Risk
59,Male,27.3,116,205,84,No,High,No,2,33011.39,0,Low Risk
26,Male,28.1,122,146,106,Yes,Moderate,No,3,34075.84,0,Low Risk
67,Male,25.8,120,217,84,No,Moderate,Yes,3,38149.95,0,Medium Risk
44,Female,29.3,116,182,86,No,Low,No,1,33453.26,0,Low Risk
83,Male,30.9,152,207,79,No,Moderate,No,2,40894.21,1,Medium Risk
22,Female,36.3,110,168,100,Yes,Low,No,4,44469.33,0,Medium Risk
46,Male,28.9,121,179,99,No,High,Yes,5,37987.1,0,Low Risk
54,Female,20.1,125,205,85,No,Low,Yes,1,40923.34,0,Medium Risk
55,Female,43.1,133,218,89,Yes,Moderate,No,2,51298.06,1,Medium Risk
25,Male,33.0,116,191,111,Yes,Low,No,3,40029.31,1,Medium Risk
82,Female,41.5,140,216,109,No,Low,No,2,50153.54,0,Medium Risk
34,Male,22.9,99,186,77,No,Moderate,No,2,31550.67,0,Low Risk
88,Male,30.3,141,190,137,No,Moderate,Yes,3,49884.88,1,Critical Risk
62,Male,33.5,121,205,92,No,Low,No,2,37295.87,0,Medium Risk
21,Male,30.7,119,164,105,No,Low,No,0,30557.39,0,Low Risk
53,Male,31.2,138,145,81,Yes,Moderate,Yes,4,48217.35,1,High Risk
87,Female,20.4,114,166,98,Yes,Moderate,Yes,1,45438.9,1,Medium Risk
48,Female,20.8,130,162,100,No,Low,No,0,29861.51,0,Low Risk
36,Female,36.4,115,189,94,No,Moderate,No,3,36124.19,0,Low Risk
78,Male,39.4,137,195,112,No,Low,No,3,44341.81,1,Medium Risk
71,Female,30.0,121,184,95,No,Moderate,Yes,2,38262.12,1,Medium Risk
56,Male,36.8,130,208,77,No,Low,No,3,42704.68,0,Medium Risk
36,Male,23.7,114,159,112,No,Moderate,Yes,1,32783.78,0,Low Risk
56,Female,25.8,133,210,89,No,Low,No,1,36616.98,0,Low Risk
84,Male,25.7,126,224,109,No,High,No,2,36759.21,0,Low Risk
62,Female,25.9,141,188,109,Yes,Low,Yes,3,51454.25,1,High Risk
30,Female,32.1,122,188,96,No,Low,Yes,4,40244.88,0,Medium Risk
75,Male,26.4,131,208,92,Yes,Low,No,2,48803.34,0,Medium Risk
37,Male,40.0,120,179,114,No,High,No,4,32456.79,0,Low Risk
89,Male,33.8,136,227,117,No,Moderate,Yes,1,47718.81,0,Medium Risk
78,Female,36.3,134,226,110,No,Moderate,No,0,44365.69,0,Medium Risk
56,Male,32.2,127,170,102,No,High,No,3,34418.1,0,Medium Risk
18,Male,34.0,109,171,114,Yes,High,Yes,6,44110.63,1,High Risk
20,Male,23.7,100,163,74,No,Moderate,No,3,24244.17,0,Low Risk
79,Female,38.2,139,224,115,No,Low,No,3,50156.57,0,Medium Risk
80,Male,31.7,126,194,98,No,High,Yes,3,42316.04,1,Medium Risk
42,Male,35.1,125,171,67,No,Low,No,4,35411.56,1,Medium Risk
73,Female,23.5,126,195,71,No,Moderate,Yes,2,38838.76,1,Medium Risk
50,Female,30.4,129,207,81,No,Moderate,No,1,37519.44,0,Low Risk
55,Male,30.5,134,163,88,No,Moderate,No,5,36977.34,0,Medium Risk
23,Male,25.1,119,143,119,Yes,Moderate,No,3,38256.28,0,Low Risk
75,Male,32.3,136,190,115,No,Moderate,No,3,43194.02,0,Medium Risk
61,Female,37.7,135,189,115,No,High,Yes,0,40442.46,0,Medium Risk
62,Male,26.6,122,153,89,No,Low,No,0,35290.37,1,Low Risk
49,Female,34.3,131,216,99,No,Low,No,2,39668.87,0,Low Risk
62,Female,24.5,132,184,132,No,Moderate,Yes,2,42572.98,1,High Risk
78,Female,41.4,123,204,91,No,High,No,2,41279.26,0,Medium Risk
64,Male,34.1,133,228,109,No,Low,Yes,0,44282.56,0,High Risk
38,Female,37.5,135,197,120,No,Low,No,0,43509.13,0,Low Risk
53,Female,33.0,121,177,113,No,Low,Yes,2,44803.32,0,High Risk
36,Female,30.8,111,179,120,Yes,Low,Yes,0,43775.46,1,High Risk
37,Male,32.8,114,177,97,No,High,Yes,0,35088.35,0,Medium Risk
74,Female,30.0,117,227,113,No,Moderate,No,5,43662.87,0,Medium Risk
35,Male,20.7,113,164,90,No,Moderate,No,1,25416.98,0,Low Risk
64,Male,32.4,129,165,110,Yes,Moderate,No,2,45410.99,0,Medium Risk
66,Male,26.5,129,153,86,No,Moderate,Yes,1,35441.34,0,Medium Risk
31,Female,23.0,115,196,100,Yes,Low,No,0,34907.3,0,Low Risk
32,Male,31.8,108,158,96,Yes,Moderate,No,0,37522.5,0,Medium Risk
48,Male,28.0,123,194,96,Yes,Moderate,No,0,39899.16,0,Low Risk
18,Male,33.0,115,168,114,No,Low,Yes,0,32259.75,0,Medium Risk
71,Male,26.6,124,185,97,Yes,Moderate,Yes,2,47742.42,0,Medium Risk
20,Female,25.6,112,157,104,No,Low,No,4,27422.53,0,Low Risk
33,Female,34.4,118,208,113,Yes,Low,Yes,0,47512.99,0,High Risk
74,Male,32.1,126,171,117,No,Low,Yes,1,43870.56,0,High Risk
29,Male,21.1,112,156,72,No,Moderate,Yes,3,31186.49,0,Low Risk
33,Female,29.9,112,191,97,No,Low,No,1,30935.28,0,Low Risk
89,Male,38.9,149,188,141,No,High,No,2,49015.71,1,High Risk
41,Male,26.7,114,202,65,No,Low,No,1,36018.74,0,Low Risk
45,Female,32.2,108,200,93,No,Moderate,Yes,4,37495.66,0,Medium Risk
25,Female,24.0,112,169,104,No,High,No,3,31200.4,0,Low Risk
53,Male,29.0,125,174,95,Yes,High,Yes,1,45123.97,0,Medium Risk
25,Female,33.7,103,143,103,No,High,No,2,28540.9,0,Low Risk
75,Male,31.8,140,214,126,Yes,Low,No,1,50050.14,1,High Risk
77,Female,37.3,143,261,111,No,Low,No,4,47596.46,1,High Risk
67,Male,32.5,121,199,110,No,Moderate,Yes,0,46365.69,0,Medium Risk
45,Male,40.3,119,152,101,No,Low,Yes,5,45123.35,1,Medium Risk
58,Male,22.1,120,191,100,No,Low,No,2,35147.08,0,Low Risk
81,Female,30.0,127,219,137,No,High,No,3,41806.37,1,Medium Risk
44,Female,23.8,123,157,91,No,Moderate,Yes,3,36928.1,0,Low Risk
80,Male,25.9,133,185,99,No,Moderate,No,1,39542.91,0,Low Risk
34,Male,23.7,101,154,105,No,High,No,2,25155.47,0,Low Risk
50,Female,30.3,114,173,84,No,Moderate,No,0,33946.67,0,Low Risk
46,Male,30.4,132,178,86,Yes,Moderate,No,1,40304.36,0,Medium Risk
30,Male,30.6,130,155,82,No,Moderate,Yes,0,32925.58,0,Medium Risk
63,Female,24.5,130,162,94,No,Low,Yes,4,41334.38,0,Medium Risk
52,Male,28.0,120,187,93,No,Moderate,Yes,4,40058.95,0,Medium Risk
23,Female,23.3,103,158,96,No,High,No,3,26142.0,0,Low Risk
86,Female,36.0,145,201,105,Yes,High,Yes,1,53910.46,1,High Risk
64,Male,25.8,126,190,110,Yes,High,No,4,39998.42,0,Medium Risk
42,Male,28.0,102,147,106,No,Moderate,Yes,1,34106.74,0,Low Risk
83,Male,34.0,147,212,98,No,High,Yes,5,44208.42,1,High Risk
27,Female,25.3,124,158,100,No,Low,No,0,28037.29,0,Low Risk
73,Female,34.1,141,205,119,No,Low,Yes,3,50404.05,1,High Risk
47,Female,37.3,114,196,72,No,Moderate,Yes,0,38125.58,1,Medium Risk
22,Male,29.0,104,189,92,No,Moderate,No,4,25910.25,0,Low Risk
50,Female,34.0,105,189,91,No,Low,Yes,1,38695.17,0,Medium Risk
82,Female,20.7,146,217,122,No,Moderate,Yes,2,43719.87,0,Medium Risk
35,Female,26.6,111,165,83,No,Low,Yes,2,35620.92,0,Low Risk
66,Female,31.2,152,189,82,No,Moderate,No,2,38318.54,1,Medium Risk
28,Female,23.1,129,163,87,No,Moderate,No,1,22229.96,0,Low Risk
43,Female,30.2,110,195,81,No,Moderate,No,2,32492.65,0,Low Risk
80,Female,36.3,130,219,121,No,Low,Yes,3,51941.98,1,High Risk
76,Male,21.4,133,195,89,No,Moderate,No,1,38685.45,0,Low Risk
44,Male,23.3,99,150,92,No,Moderate,No,2,27991.41,0,Low Risk
66,Female,31.2,125,206,125,No,Moderate,No,4,44963.89,0,Medium Risk
50,Male,31.8,118,168,114,No,Moderate,Yes,2,34806.61,0,Medium Risk
18,Female,31.6,129,147,95,No,Moderate,No,1,28217.06,0,Low Risk
38,Female,29.5,119,153,91,No,High,No,0,31499.33,0,Low Risk
72,Female,32.9,129,197,110,No,Low,No,2,44400.38,0,Medium Risk
23,Male,32.7,106,194,100,No,Moderate,Yes,2,33850.98,0,Medium Risk
86,Male,29.2,145,185,92,Yes,Moderate,Yes,2,49410.06,1,High Risk
22,Male,25.1,103,196,99,No,Moderate,Yes,2,29063.52,0,Low Risk
20,Female,27.2,108,181,70,No,Low,Yes,0,30825.87,0,Low Risk
70,Female,31.5,124,167,112,Yes,Low,No,3,47482.55,0,High Risk
40,Female,25.7,101,166,75,Yes,Low,No,1,40004.0,0,Low Risk
70,Male,28.5,119,174,131,No,High,No,3,36784.83,0,Medium Risk
54,Female,31.7,119,201,110,No,Moderate,Yes,5,39663.83,0,High Risk
34,Female,29.5,113,154,68,No,Moderate,Yes,4,33726.86,0,Low Risk
18,Male,27.0,105,129,86,No,High,Yes,2,22053.12,0,Low Risk
68,Female,21.7,124,181,91,No,Low,Yes,2,41156.84,0,Medium Risk
62,Male,30.1,122,214,91,No,High,No,5,38418.19,0,Medium Risk
21,Male,23.2,120,157,87,No,Moderate,Yes,0,26976.37,0,Low Risk
79,Female,35.9,146,214,94,No,Low,Yes,2,47016.87,1,High Risk
82,Male,29.6,133,211,117,No,High,No,4,41342.7,0,Low Risk
49,Female,24.5,121,148,105,Yes,High,No,6,41593.18,0,Low Risk
51,Female,29.2,118,166,102,No,High,No,0,33928.92,0,Low Risk
89,Female,37.8,113,213,111,No,Low,No,2,45117.69,0,Medium Risk
56,Male,33.0,126,178,109,Yes,High,Yes,1,44465.11,0,High Risk
43,Female,30.2,122,214,106,No,High,No,1,33343.48,0,Low Risk
51,Female,22.9,103,154,101,No,Moderate,Yes,3,33203.61,0,Medium Risk
71,Female,38.7,140,185,87,No,Low,Yes,3,46792.44,0,High Risk
20,Male,24.9,105,167,74,No,Low,No,4,27088.01,1,Low Risk
67,Male,35.0,135,185,100,No,High,Yes,2,41690.82,0,Medium Risk
29,Female,26.8,110,111,67,No,Moderate,No,4,26536.34,0,Low Risk
82,Male,35.3,150,246,112,No,Moderate,Yes,4,49252.05,1,Critical Risk
71,Female,37.1,136,180,127,Yes,Low,No,4,56468.54,0,Critical Risk
22,Female,31.3,121,179,107,No,Low,No,3,35258.65,0,Low Risk
74,Female,34.5,145,176,117,No,Moderate,No,3,43005.55,0,Medium Risk
34,Female,28.2,104,155,102,Yes,Moderate,No,3,36765.06,0,Low Risk
64,Female,28.0,119,158,133,No,High,No,1,38297.12,0,Medium Risk
40,Female,29.7,122,162,106,No,Moderate,Yes,1,38338.9,0,Low Risk
31,Female,26.9,109,157,103,No,Moderate,No,3,30672.44,0,Low Risk
83,Female,43.5,140,211,90,No,Low,No,6,49157.57,0,Medium Risk
68,Male,25.4,140,183,120,No,Low,Yes,0,39993.5,0,Medium Risk
55,Male,34.8,123,161,106,No,Moderate,No,2,39976.88,1,Medium Risk
81,Female,33.6,127,195,106,No,Low,No,2,45748.72,0,Medium Risk
55,Male,30.9,116,216,93,No,Low,No,0,35502.99,1,Medium Risk
67,Male,37.7,154,226,96,Yes,High,Yes,7,56393.37,0,Critical Risk
47,Male,30.8,119,191,115,No,Moderate,No,3,38260.86,0,Low Risk
68,Female,27.2,114,205,100,No,Low,Yes,4,43675.21,1,Medium Risk
80,Female,32.5,118,245,99,No,Low,Yes,6,48758.9,1,High Risk
69,Female,29.5,123,206,90,No,Low,No,2,38654.07,1,Low Risk
55,Female,32.3,123,201,101,No,High,No,1,37064.78,0,Medium Risk
47,Female,33.4,132,153,92,Yes,Low,No,2,44590.46,1,Medium Risk
68,Male,26.1,136,169,92,No,Low,Yes,0,39144.52,1,Medium Risk
22,Female,34.1,113,169,69,No,Moderate,Yes,1,32979.95,0,Medium Risk
46,Male,28.0,115,163,109,No,Low,Yes,1,35671.64,0,Low Risk
21,Female,30.3,114,146,86,No,Low,No,5,35807.27,0,Medium Risk
27,Female,31.4,96,153,74,No,Low,No,2,33266.37,0,Low Risk
73,Male,32.5,152,171,100,No,Low,Yes,2,45079.2,1,High Risk
34,Male,28.2,121,157,99,No,Low,Yes,4,35063.84,0,Medium Risk
34,Male,26.3,122,178,91,No,Low,Yes,1,33462.59,0,Low Risk
86,Male,30.0,126,241,110,No,High,No,4,40133.79,0,Medium Risk
51,Male,37.4,139,206,100,No,Low,Yes,0,40031.36,1,High Risk
23,Female,23.8,104,175,67,Yes,Moderate,No,5,37371.57,1,Low Risk
70,Female,26.9,119,161,115,No,Moderate,No,0,35166.26,0,Low Risk
83,Female,27.3,133,204,80,No,Moderate,No,0,37721.17,0,Low Risk
60,Female,30.7,126,189,107,No,Low,No,2,38325.76,1,Medium Risk
40,Female,21.4,103,176,99,No,Low,No,2,34310.1,0,Low Risk
72,Female,23.8,119,185,97,Yes,Moderate,Yes,0,45312.51,1,Medium Risk
33,Male,27.3,104,204,96,No,Moderate,No,2,33351.66,0,Low Risk
25,Female,21.8,98,163,82,No,Moderate,No,5,27787.95,0,Low Risk
21,Male,22.0,103,163,90,No,Low,Yes,2,28405.43,0,Low Risk
21,Female,21.6,92,120,99,No,High,No,4,25743.13,0,Low Risk
73,Female,26.4,122,192,90,No,Low,Yes,1,44109.63,0,Medium Risk
42,Female,32.8,131,204,105,Yes,Moderate,Yes,2,45780.8,0,Medium Risk
84,Male,36.0,147,220,134,No,Moderate,Yes,0,47330.04,1,Critical Risk
84,Female,40.8,130,169,115,No,Low,No,1,46645.43,0,Medium Risk
44,Female,38.6,133,178,91,Yes,Moderate,No,1,45004.81,0,Medium Risk
49,Male,33.4,104,220,132,No,Moderate,No,0,35028.18,0,Medium Risk
67,Male,35.5,156,195,105,No,High,Yes,0,43309.76,0,High Risk
78,Female,31.6,147,208,109,No,High,No,3,41114.42,0,Medium Risk
68,Male,33.0,125,229,107,No,Moderate,No,2,38788.44,1,Medium Risk
36,Female,38.5,124,179,102,No,Moderate,No,1,32075.24,0,Low Risk
38,Male,30.8,104,193,88,No,Low,Yes,4,34425.3,1,Medium Risk
22,Male,33.9,113,178,92,No,Moderate,Yes,2,34061.67,0,Medium Risk
59,Female,25.3,121,198,112,No,Low,Yes,4,42249.37,1,Medium Risk
78,Male,27.6,124,206,98,No,Moderate,No,1,40045.53,0,Low Risk
39,Female,30.5,113,166,87,No,Low,No,3,37373.67,0,Low Risk
38,Male,29.6,111,167,88,No,Moderate,No,0,29684.69,0,Low Risk
87,Male,28.3,125,187,90,No,Moderate,No,2,41382.4,0,Low Risk
18,Female,39.9,106,139,81,No,High,No,3,28767.37,0,Low Risk
22,Female,29.0,96,191,77,Yes,Moderate,No,0,35799.11,0,Low Risk
29,Female,26.2,120,168,89,No,High,No,4,29463.94,0,Low Risk
63,Female,30.9,118,216,113,Yes,Moderate,Yes,3,53780.55,0,High Risk
51,Female,29.7,110,215,118,No,Moderate,Yes,4,38166.17,0,Medium Risk
66,Male,31.2,137,195,103,No,Moderate,No,0,37709.98,0,Medium Risk
62,Male,22.1,127,158,104,Yes,Low,No,0,41297.35,1,Medium Risk
44,Female,35.7,130,181,101,No,High,Yes,3,38169.89,0,Medium Risk
43,Female,35.9,131,171,65,Yes,Moderate,No,4,43314.68,0,Medium Risk
64,Female,37.6,151,158,87,No,High,No,1,38279.61,0,Medium Risk
73,Male,32.3,131,189,116,No,Moderate,No,4,43686.98,0,Medium Risk
80,Male,34.3,122,204,120,No,High,No,2,44117.72,0,Medium Risk
65,Female,25.9,129,176,112,No,Moderate,No,1,38048.8,0,Low Risk
78,Female,35.1,129,189,104,Yes,Low,No,2,50041.08,1,High Risk
43,Female,30.4,110,154,65,No,Low,Yes,1,35943.43,1,Medium Risk
53,Female,27.3,123,187,81,Yes,Moderate,No,2,43175.59,0,Medium Risk
18,Female,32.2,119,203,75,No,Moderate,No,3,30593.27,1,Low Risk
25,Male,32.8,105,196,100,Yes,Low,No,1,40156.02,1,Medium Risk
69,Male,30.8,143,209,97,No,High,No,2,37733.59,1,Medium Risk
64,Male,32.4,119,207,127,No,Moderate,Yes,4,44602.0,1,High Risk
73,Male,25.5,127,191,124,No,High,No,0,36697.79,0,Low Risk
31,Female,34.8,121,140,118,No,High,Yes,4,34829.44,0,Medium Risk
45,Male,24.8,113,169,79,No,Moderate,No,2,31742.45,0,Low Risk
19,Female,24.4,89,141,92,Yes,High,No,0,34985.58,0,Low Risk
43,Male,29.5,128,182,87,Yes,Moderate,No,1,37602.58,0,Low Risk
31,Male,34.1,110,200,97,No,High,No,1,29892.12,0,Low Risk
76,Male,36.4,143,244,95,No,Moderate,No,1,41554.21,0,High Risk
73,Male,30.6,119,199,122,No,Moderate,Yes,3,43097.6,0,Medium Risk
24,Female,32.1,102,136,78,Yes,Moderate,No,1,32871.77,0,Medium Risk
20,Male,19.6,113,158,60,No,Moderate,Yes,1,29378.59,0,Low Risk
40,Female,25.4,119,176,122,Yes,Moderate,No,4,42324.6,0,Low Risk
35,Male,25.3,109,184,97,No,Moderate,Yes,1,33272.84,0,Low Risk
55,Male,36.0,131,191,84,No,Low,No,2,39557.95,0,Medium Risk
32,Male,31.9,106,176,89,Yes,High,No,2,36468.92,0,Medium Risk
81,Female,32.0,136,191,98,No,Moderate,No,0,42089.29,0,Medium Risk
45,Female,30.7,122,175,95,No,Moderate,Yes,1,37108.06,0,Medium Risk
56,Male,37.6,124,203,113,No,Moderate,No,3,35333.18,0,Medium Risk
74,Male,29.8,123,158,113,Yes,Moderate,No,3,46248.4,0,Medium Risk
34,Female,22.1,112,161,92,No,High,No,1,26793.75,0,Low Risk
61,Male,35.5,129,208,102,No,Moderate,No,1,39959.28,0,Medium Risk
42,Male,30.0,114,212,110,No,Low,No,0,40665.58,0,Low Risk
34,Female,33.5,107,169,64,No,Moderate,No,0,31375.88,1,Low Risk
30,Female,28.3,113,194,79,Yes,Moderate,No,2,43352.45,0,Low Risk
42,Male,24.9,112,208,77,Yes,High,No,8,39319.51,0,Low Risk
85,Female,33.3,127,199,123,No,Moderate,No,2,42224.98,0,Medium Risk
27,Female,28.4,112,157,78,Yes,High,No,4,36507.39,0,Low Risk
84,Male,32.1,153,202,88,No,Moderate,Yes,2,45817.8,1,High Risk
35,Female,36.8,116,178,103,No,High,No,2,32278.65,0,Low Risk
51,Female,24.1,134,201,81,No,Low,No,3,33613.25,0,Low Risk
25,Male,29.7,133,153,84,No,High,No,3,28799.99,0,Low Risk
57,Male,25.8,113,215,133,No,High,No,2,32410.52,1,Medium Risk
59,Male,17.0,119,162,106,No,High,Yes,3,35730.84,0,Medium Risk
58,Female,29.7,146,163,96,Yes,Low,Yes,1,50914.29,1,High Risk
23,Male,28.3,109,176,86,No,Low,No,6,31092.48,0,Low Risk
69,Female,33.6,132,222,117,No,Moderate,No,2,42771.87,0,Medium Risk
43,Female,28.1,102,181,104,No,Low,No,4,34962.37,0,Low Risk
81,Male,23.6,126,206,104,No,Low,No,3,40767.12,0,Low Risk
76,Female,26.7,136,236,105,Yes,Low,No,1,50403.01,0,Medium Risk
73,Male,37.2,159,228,84,No,Moderate,No,1,41599.18,0,Medium Risk
76,Female,26.6,129,197,78,No,Moderate,No,0,39026.42,0,Low Risk
87,Female,39.3,125,204,109,No,Low,No,0,43821.51,1,Medium Risk
50,Male,34.7,110,209,89,No,Low,No,3,39328.93,0,Low Risk
70,Male,28.9,129,211,111,No,Moderate,Yes,2,42502.39,0,Medium Risk
39,Male,25.3,127,182,94,No,Moderate,No,4,29702.23,0,Low Risk
38,Male,34.1,126,173,83,No,Low,No,5,35163.03,0,Medium Risk
87,Male,30.1,141,204,110,No,Moderate,No,2,39975.87,0,Medium Risk
87,Male,23.6,147,198,99,No,High,Yes,0,39653.67,0,Medium Risk
21,Female,30.9,104,161,119,Yes,High,No,8,40295.33,0,Medium Risk
79,Male,33.0,135,191,112,No,High,Yes,8,43864.12,1,High Risk
79,Male,36.6,132,212,84,No,High,No,4,43099.82,1,Medium Risk
41,Female,30.8,116,166,121,No,Moderate,Yes,0,38624.96,0,Medium Risk
72,Male,27.9,120,199,93,No,Moderate,No,2,39815.12,0,Low Risk
26,Female,34.6,111,131,77,No,Moderate,No,1,24418.43,0,Low Risk
20,Female,34.8,112,157,122,Yes,Moderate,No,0,43036.82,0,Medium Risk
48,Female,30.6,118,205,101,No,Low,Yes,1,40791.92,0,Medium Risk
57,Male,30.2,123,170,109,No,Moderate,Yes,2,38800.08,0,Medium Risk
53,Male,23.0,124,192,106,No,Moderate,Yes,2,36356.35,1,Medium Risk
41,Male,26.0,129,159,89,No,Low,Yes,1,33091.21,0,Low Risk
23,Female,32.0,125,184,81,Yes,Moderate,No,0,39265.67,0,Medium Risk
83,Male,28.4,142,196,100,No,Low,Yes,0,47662.97,0,High Risk
21,Male,20.8,93,152,108,No,Low,No,4,28717.79,0,Low Risk
23,Female,45.6,115,181,98,Yes,Low,Yes,1,46008.62,1,High Risk
68,Male,23.1,123,162,119,No,Moderate,No,1,31844.28,0,Low Risk
79,Male,42.2,133,230,109,No,Low,No,2,46342.08,1,Medium Risk
74,Male,29.2,135,223,92,No,High,Yes,1,38980.81,0,Medium Risk
83,Female,30.7,120,197,85,No,Moderate,No,2,41883.31,0,Medium Risk
25,Male,24.9,126,175,97,No,Moderate,Yes,1,34387.42,0,Low Risk
43,Female,33.1,133,197,121,Yes,Low,Yes,2,51208.56,1,High Risk
68,Female,23.2,131,187,86,Yes,Moderate,No,4,45090.15,0,Medium Risk
62,Male,20.9,122,161,104,No,Moderate,No,3,33394.44,0,Low Risk
61,Female,38.1,143,228,82,No,Moderate,No,1,40992.42,1,Medium Risk
22,Male,24.1,115,154,77,No,Moderate,No,2,24154.16,0,Low Risk
87,Male,35.1,150,198,114,No,High,No,2,43778.66,1,Medium Risk
43,Female,23.7,115,207,66,Yes,High,No,0,35005.18,0,Low Risk
85,Female,34.8,156,221,109,No,Moderate,No,5,49209.97,1,High Risk
36,Female,37.2,132,186,83,Yes,Low,No,3,45338.83,0,Medium Risk
37,Female,26.2,120,153,100,Yes,Moderate,Yes,3,44665.94,0,Medium Risk
29,Male,18.8,121,178,83,No,Moderate,Yes,4,28248.3,0,Low Risk
64,Male,38.6,128,257,118,No,Moderate,No,5,45670.71,0,High Risk
18,Male,32.5,99,184,84,No,High,No,1,29514.42,0,Low Risk
31,Male,26.2,116,179,69,No,Moderate,Yes,2,29371.49,0,Low Risk
81,Male,30.0,134,216,83,Yes,High,No,2,46411.06,0,Medium Risk
55,Male,24.2,119,175,67,Yes,Low,Yes,1,45058.79,0,High Risk
54,Male,36.8,139,185,110,No,Low,No,4,42308.12,1,Medium Risk
28,Male,25.7,113,160,127,Yes,Low,Yes,0,41268.82,1,High Risk
20,Female,20.9,108,147,90,No,High,No,5,25150.27,1,Low Risk
50,Female,30.6,119,177,122,Yes,High,No,0,42316.99,0,Medium Risk
23,Male,23.8,117,155,103,No,Moderate,Yes,1,30930.09,0,Low Risk
67,Female,25.2,133,185,92,Yes,Moderate,No,2,43735.17,0,Medium Risk
27,Female,26.2,120,161,107,Yes,Moderate,No,1,36369.77,0,Low Risk
22,Male,28.5,105,170,80,No,High,Yes,0,30832.28,0,Low Risk
40,Female,22.1,127,173,83,No,High,Yes,0,31703.67,0,Low Risk
27,Female,35.3,134,177,89,Yes,Moderate,Yes,0,39159.31,1,Medium Risk
61,Female,33.4,137,223,99,No,Moderate,No,1,42115.76,0,Medium Risk
19,Male,26.1,100,163,96,No,Low,No,3,28222.67,0,Low Risk
30,Female,24.0,103,211,78,No,Moderate,Yes,5,34428.47,0,Low Risk
57,Male,29.4,121,194,112,No,Moderate,No,1,36470.89,0,Low Risk
19,Female,32.4,105,158,101,Yes,Low,Yes,0,39146.79,1,High Risk
82,Female,34.8,137,234,113,No,High,No,0,41559.27,0,Medium Risk
80,Female,36.3,143,205,137,No,Moderate,Yes,3,51302.9,1,Critical Risk
34,Female,26.3,117,123,110,No,High,No,3,31608.15,0,Low Risk
26,Female,15.0,107,157,99,No,Low,No,3,27839.28,0,Low Risk
32,Male,34.8,115,172,94,No,Moderate,No,1,33353.38,0,Low Risk
41,Male,28.2,117,209,98,No,Moderate,No,0,33849.26,0,Low Risk
55,Female,33.1,134,171,107,No,Low,No,1,40877.25,0,Medium Risk
52,Male,37.9,107,184,100,No,Moderate,No,6,36261.79,0,Medium Risk
66,Male,42.5,135,228,101,Yes,Low,No,2,56053.91,1,High Risk
86,Male,28.1,138,211,70,No,Low,No,3,41417.58,1,Low Risk
79,Male,31.6,142,199,117,Yes,Low,No,1,51304.61,1,High Risk
77,Female,37.7,127,191,123,No,Low,No,2,44652.69,0,Medium Risk
67,Female,26.1,116,198,83,No,Moderate,No,0,35908.1,0,Low Risk
26,Female,25.4,116,165,97,No,Low,No,5,31418.3,0,Low Risk
51,Female,26.6,102,166,87,No,Moderate,Yes,1,34742.7,0,Medium Risk
52,Male,29.5,136,170,91,Yes,Moderate,No,3,43543.38,1,Medium Risk
18,Male,26.8,110,145,105,Yes,Moderate,No,2,37739.11,0,Low Risk
57,Female,26.9,139,165,82,No,High,No,2,36002.16,0,Low Risk
81,Male,26.2,122,218,89,Yes,Moderate,No,1,48525.47,1,Medium Risk
39,Female,33.0,115,195,121,No,Moderate,No,2,37430.21,0,Low Risk
77,Female,37.5,112,224,105,No,Low,Yes,0,50525.1,0,High Risk
81,Male,38.5,131,209,128,No,Moderate,No,2,43548.79,0,High Risk
89,Female,29.0,135,201,84,No,High,No,1,39387.85,0,Low Risk
28,Female,32.7,95,168,68,No,Moderate,No,0,28612.7,0,Low Risk
31,Female,29.7,110,192,77,No,Low,Yes,6,38287.23,0,Medium Risk
77,Male,28.0,112,162,97,No,Moderate,Yes,2,36916.55,1,Medium Risk
47,Male,33.0,120,174,76,No,Moderate,Yes,4,38245.85,0,Medium Risk
52,Female,26.5,133,164,101,No,Moderate,No,0,34857.2,0,Low Risk
54,Male,27.8,122,211,103,Yes,Moderate,No,1,42480.92,1,Medium Risk
22,Male,21.2,123,150,71,Yes,Low,Yes,1,34640.22,0,Medium Risk
43,Female,26.8,125,144,81,No,High,No,2,30351.53,0,Low Risk
79,Male,32.2,148,207,96,No,Low,No,1,40376.38,1,High Risk
21,Female,35.9,106,163,73,No,Low,No,1,32883.02,1,Low Risk
59,Female,28.2,117,176,60,No,Moderate,No,1,34073.38,0,Low Risk
35,Female,23.6,116,156,88,No,Low,No,2,32252.49,0,Low Risk
57,Male,37.3,113,180,95,No,Low,Yes,3,40478.98,0,High Risk
89,Female,28.9,142,220,103,No,Low,No,3,48371.34,1,Medium Risk
56,Male,21.1,117,184,80,No,Moderate,Yes,0,34127.85,0,Medium Risk
31,Male,29.2,127,168,103,No,High,No,7,30596.17,0,Low Risk
49,Female,27.8,127,159,132,No,High,No,2,35257.12,0,Low Risk
68,Male,41.9,146,200,94,No,Moderate,Yes,2,45526.06,1,High Risk
55,Male,32.1,118,193,120,No,Low,Yes,2,45551.88,1,High Risk
40,Female,28.3,128,182,98,No,Moderate,No,2,32654.74,0,Low Risk
80,Male,26.4,147,202,105,Yes,Moderate,No,0,44528.19,0,Medium Risk
32,Male,30.3,115,154,86,No,Low,No,3,33263.94,1,Low Risk
42,Female,36.4,115,136,95,No,Low,Yes,0,40369.52,0,Medium Risk
34,Female,30.3,109,210,109,No,Low,Yes,1,42933.66,0,Medium Risk
83,Female,26.9,146,175,88,No,Moderate,No,4,47931.08,1,Medium Risk
70,Male,33.2,158,159,100,No,Moderate,Yes,2,39524.11,1,High Risk
68,Male,30.2,119,197,121,No,High,No,3,37176.61,1,Medium Risk
56,Male,32.0,115,155,114,No,Low,Yes,3,38484.49,0,High Risk
68,Male,28.6,138,177,85,No,Low,No,3,38903.02,0,Low Risk
87,Female,29.5,129,216,105,No,Moderate,Yes,1,49972.04,0,Medium Risk
23,Male,26.1,119,200,98,No,Moderate,Yes,1,30498.91,0,Low Risk
84,Male,35.9,143,216,119,No,Low,No,2,46219.45,0,High Risk
24,Female,26.4,110,156,102,No,Low,No,1,29605.94,0,Low Risk
68,Female,28.1,133,192,107,No,Low,Yes,2,41813.81,0,Medium Risk
89,Female,26.7,140,168,115,No,Low,Yes,4,51097.48,1,Medium Risk
59,Male,32.2,125,182,105,No,Low,Yes,5,40347.51,1,High Risk
81,Male,32.6,118,195,131,No,High,No,1,39257.53,1,High Risk
32,Male,26.4,115,173,83,No,Moderate,No,3,30142.77,0,Low Risk
46,Male,25.8,134,217,94,No,Moderate,Yes,1,36529.83,0,Low Risk
50,Female,38.9,110,152,85,No,Moderate,No,2,35492.84,0,Low Risk
44,Female,19.8,105,164,72,Yes,Low,No,4,43318.02,0,Medium Risk
53,Female,32.1,129,150,103,Yes,Low,No,2,41931.0,1,High Risk
46,Female,35.8,124,176,87,No,Moderate,No,1,36460.01,0,Low Risk
55,Male,15.0,121,157,91,No,Moderate,Yes,3,34112.0,0,Medium Risk
74,Female,34.7,127,172,130,Yes,Low,Yes,3,55785.19,1,Critical Risk
44,Male,28.1,130,197,117,No,Moderate,Yes,3,36457.93,0,Low Risk
72,Female,31.9,132,203,137,No,Moderate,No,4,45444.14,0,High Risk
50,Female,27.9,128,198,120,No,Low,No,2,40815.1,0,Low Risk
85,Male,36.6,143,199,146,No,Low,No,3,45965.91,0,High Risk
83,Male,33.0,138,204,114,No,Moderate,Yes,1,42523.91,1,Medium Risk
27,Female,29.0,119,201,76,No,Moderate,No,1,27990.37,0,Low Risk
22,Male,23.6,109,162,71,No,Low,Yes,1,30982.52,0,Low Risk
55,Male,39.2,117,210,123,Yes,Low,Yes,1,52162.0,1,High Risk
30,Male,28.5,124,158,91,No,Moderate,No,3,29922.68,0,Low Risk
48,Female,40.8,135,205,102,No,Low,Yes,4,50097.34,1,Medium Risk
64,Female,39.8,111,189,96,Yes,Moderate,Yes,2,50189.19,1,High Risk
69,Female,21.6,119,150,92,No,Moderate,No,2,34822.47,0,Low Risk
73,Male,27.4,140,195,108,No,Low,Yes,4,44443.97,0,Medium Risk
32,Female,23.4,93,158,73,No,Low,Yes,2,36560.81,0,Low Risk
46,Male,29.1,129,148,99,No,Moderate,Yes,2,31988.36,0,Low Risk
25,Female,29.2,110,172,111,No,Low,No,2,32485.93,0,Low Risk
22,Female,29.2,124,148,60,No,Low,No,1,31343.4,0,Low Risk
46,Male,34.6,123,247,74,No,Moderate,Yes,5,40346.42,1,High Risk
64,Male,37.7,124,169,114,No,Low,No,5,40121.71,1,Medium Risk
85,Male,36.1,142,185,130,Yes,Moderate,Yes,0,54279.43,1,Critical Risk
62,Male,27.3,125,206,92,No,Low,No,0,33855.95,0,Low Risk
19,Male,24.0,99,157,60,No,Moderate,No,2,25962.43,0,Low Risk
44,Female,29.2,141,196,116,No,Low,No,1,37107.62,1,Low Risk
53,Female,31.8,114,194,86,No,High,No,2,33281.24,0,Medium Risk
53,Male,28.7,100,173,91,No,Moderate,No,1,34492.53,0,Low Risk
43,Male,22.4,131,146,96,No,Low,No,3,30940.32,0,Low Risk
60,Male,33.4,122,214,91,No,Moderate,No,2,34598.16,1,Medium Risk
44,Female,27.2,115,152,80,Yes,Moderate,No,0,36960.56,0,Low Risk
86,Male,29.2,132,216,94,No,Moderate,No,2,45090.23,0,Low Risk
37,Female,28.6,110,193,120,No,High,No,2,30205.71,0,Low Risk
28,Female,27.2,104,166,106,No,Moderate,Yes,0,33011.2,0,Low Risk
55,Female,27.9,113,179,106,Yes,Low,Yes,0,49071.95,0,High Risk
23,Female,21.7,108,141,60,No,Moderate,No,0,22625.31,0,Low Risk
89,Male,30.9,134,217,117,Yes,Low,No,5,52629.72,0,High Risk
40,Female,32.5,127,119,102,No,Moderate,No,3,34114.75,0,Low Risk
64,Male,31.5,133,207,82,No,Moderate,Yes,2,41147.61,0,Medium Risk
63,Male,34.9,120,198,106,Yes,Low,Yes,2,54292.42,0,High Risk
29,Female,24.8,112,162,104,No,Low,No,1,29873.72,0,Low Risk
30,Female,22.1,106,170,96,No,Moderate,No,3,28618.41,0,Low Risk
79,Female,29.7,124,173,95,No,Moderate,Yes,1,47633.02,0,Medium Risk
77,Male,27.8,139,150,104,No,Moderate,No,2,34408.39,0,Low Risk
60,Male,27.4,124,197,109,Yes,Low,No,0,41209.12,0,Medium Risk
85,Female,32.3,133,233,109,No,Moderate,No,2,41176.54,0,Medium Risk
22,Male,25.6,100,128,105,Yes,Low,No,4,39718.59,0,Medium Risk
54,Female,23.4,110,160,101,No,Low,No,3,34598.33,0,Low Risk
89,Female,28.7,157,221,119,No,Low,No,1,45309.21,1,Medium Risk
48,Female,31.1,125,190,109,Yes,Low,No,1,43909.64,1,Medium Risk
26,Male,31.7,102,230,74,No,Moderate,Yes,1,35194.06,0,Medium Risk
68,Male,33.7,134,219,104,Yes,High,No,1,43507.03,1,Medium Risk
46,Male,31.4,132,199,91,No,Moderate,Yes,1,36373.71,0,Medium Risk
57,Female,29.0,126,172,114,Yes,Low,Yes,2,47921.57,1,High Risk
58,Male,31.9,140,200,107,No,Moderate,No,1,32212.83,1,Medium Risk
28,Female,28.2,97,199,86,No,Moderate,No,2,29460.02,0,Low Risk
40,Male,29.6,98,174,74,No,Low,No,2,32331.29,0,Low Risk
18,Female,23.2,108,157,60,No,High,No,2,22619.97,0,Low Risk
63,Male,30.4,130,194,105,Yes,Moderate,No,1,44544.26,0,Medium Risk
38,Male,30.8,84,164,82,No,High,No,2,27852.75,0,Low Risk
53,Male,31.4,118,192,108,No,Moderate,No,0,34570.64,0,Medium Risk
71,Female,24.1,117,196,76,No,Moderate,Yes,0,36045.62,0,Medium Risk
74,Female,31.2,118,228,128,No,Low,Yes,2,44591.41,1,High Risk
18,Female,20.7,94,153,93,No,Moderate,No,1,25008.06,0,Low Risk
80,Male,31.9,141,216,108,No,Low,No,1,40458.34,1,High Risk
71,Male,27.0,119,191,127,Yes,High,No,7,46594.74,1,High Risk
72,Female,39.1,126,217,121,No,Moderate,No,0,45959.45,0,Medium Risk
57,Male,30.4,109,183,92,No,High,No,0,32226.22,0,Medium Risk
32,Male,32.6,129,186,93,No,Moderate,No,3,29678.61,0,Low Risk
38,Female,39.5,126,198,67,Yes,High,No,1,42315.95,0,Medium Risk
64,Female,26.1,101,167,115,No,Low,Yes,1,41730.88,0,Medium Risk
70,Female,32.7,122,220,99,No,Moderate,Yes,0,40872.88,1,Medium Risk
26,Female,22.4,114,160,60,No,Moderate,Yes,7,31913.23,0,Low Risk
69,Male,32.2,144,187,85,No,Moderate,No,3,37456.97,0,Medium Risk
74,Male,39.5,145,191,121,No,Moderate,Yes,2,45354.2,1,High Risk
43,Female,26.0,114,182,117,No,Low,No,2,34262.08,0,Low Risk
58,Female,25.5,104,185,97,No,Low,No,1,36842.41,0,Low Risk
52,Male,29.1,131,191,82,No,High,Yes,3,39919.76,0,Medium Risk
80,Male,41.2,137,218,89,No,Moderate,Yes,1,46433.16,0,Medium Risk
42,Male,33.0,121,193,117,Yes,Low,No,2,42123.07,0,Medium Risk
55,Female,25.2,120,238,103,No,Moderate,No,1,41136.49,0,Low Risk
19,Female,35.2,99,170,84,Yes,High,No,1,37493.39,0,Medium Risk
24,Female,19.9,110,145,76,No,Low,No,0,28540.35,0,Low Risk
51,Male,40.2,130,152,111,No,High,No,3,36592.39,1,Medium Risk
34,Female,33.0,113,152,103,No,High,No,3,32290.13,0,Low Risk
60,Female,38.8,135,221,90,Yes,High,No,2,46941.68,0,Medium Risk
76,Male,22.6,115,208,84,No,High,No,2,36325.69,0,Low Risk
68,Male,31.2,127,168,86,No,Moderate,Yes,1,38449.36,0,Medium Risk
71,Male,29.9,131,245,96,No,Moderate,No,3,41332.92,1,Medium Risk
41,Male,24.0,98,180,81,No,Low,No,1,32833.34,0,Low Risk
42,Female,22.6,115,182,115,No,Low,Yes,1,39387.83,0,Low Risk
88,Male,33.9,147,254,102,No,Moderate,Yes,3,50494.51,1,High Risk
69,Female,33.4,128,232,85,No,Moderate,No,3,39094.4,0,Medium Risk
87,Male,37.8,140,228,93,No,Low,Yes,2,52610.45,1,High Risk
50,Male,27.0,126,198,93,No,Moderate,Yes,2,38383.39,0,Low Risk
66,Male,29.6,124,211,74,No,Low,No,3,39878.77,0,Low Risk
46,Male,22.4,114,170,91,Yes,High,No,1,37398.06,0,Low Risk
80,Female,38.7,127,214,89,No,Low,No,1,44624.4,1,Medium Risk
39,Female,29.3,117,188,110,No,Moderate,No,1,32596.08,0,Low Risk
43,Female,32.8,117,179,97,No,Moderate,No,3,34641.87,0,Low Risk
45,Female,33.0,127,164,128,No,Low,No,4,42128.11,1,High Risk
66,Male,37.6,138,194,101,No,High,Yes,5,43600.76,0,High Risk
88,Male,27.2,144,184,60,No,Moderate,No,2,39556.34,0,Medium Risk
66,Male,33.8,125,197,125,No,Low,No,2,41816.66,0,Medium Risk
37,Female,28.7,94,139,100,No,Low,No,1,30701.64,0,Low Risk
80,Male,41.5,147,218,120,No,Low,No,2,43354.87,1,High Risk
78,Male,26.7,136,165,89,No,Low,No,5,42565.89,0,Medium Risk
66,Female,36.2,125,190,103,No,Moderate,No,3,42142.69,1,Medium Risk
88,Male,33.2,144,219,112,Yes,Moderate,Yes,2,54872.6,1,High Risk
18,Male,29.4,94,180,83,No,High,No,1,23256.31,1,Low Risk
30,Male,28.8,124,184,64,No,Moderate,No,5,35052.67,0,Low Risk
68,Female,37.1,129,206,146,No,Low,No,2,44627.69,1,High Risk
73,Female,32.0,124,176,117,Yes,Low,No,2,50697.28,1,High Risk
79,Female,23.3,124,215,109,No,Moderate,No,1,37452.08,0,Low Risk
49,Male,35.5,122,165,118,No,Low,Yes,1,38084.82,0,Medium Risk
47,Female,34.5,123,207,107,No,Low,Yes,0,42728.57,1,Medium Risk
46,Female,32.2,122,195,86,No,High,No,3,31459.09,0,Low Risk
66,Male,24.7,121,216,118,No,Low,No,3,40005.37,0,Low Risk
62,Female,25.2,126,187,111,No,High,Yes,1,38184.21,0,Medium Risk
47,Male,20.0,116,157,82,No,Low,Yes,2,32089.31,0,Low Risk
33,Female,31.0,109,148,104,No,High,No,4,28692.66,0,Low Risk
57,Female,23.1,113,159,92,No,Moderate,No,2,31539.81,0,Low Risk
36,Male,20.2,118,135,92,No,Moderate,No,1,25836.75,0,Low Risk
35,Female,35.1,124,197,103,Yes,Low,Yes,3,45958.01,1,High Risk
18,Female,31.7,111,187,108,No,High,No,6,29451.99,0,Low Risk
64,Female,28.5,136,202,90,No,High,Yes,2,39772.05,0,Medium Risk
83,Male,30.5,116,203,112,Yes,Moderate,No,0,51443.18,1,Medium Risk
55,Male,17.7,112,218,123,No,Moderate,No,3,35639.28,0,Low Risk
68,Male,35.0,120,196,101,No,Moderate,Yes,1,41936.16,0,Medium Risk
80,Female,27.5,155,204,107,No,Low,No,1,45667.59,0,Medium Risk
21,Male,29.7,117,165,118,Yes,Moderate,No,1,39891.36,0,Low Risk
18,Female,15.5,101,146,91,No,High,No,5,23297.2,0,Low Risk
25,Female,33.1,121,184,68,Yes,Moderate,No,0,38997.14,0,Medium Risk
46,Male,25.5,129,165,82,Yes,Low,Yes,3,47196.53,1,Medium Risk
72,Female,23.7,139,178,111,No,Moderate,No,1,39874.88,0,Low Risk
20,Male,26.3,117,176,92,No,Moderate,No,0,29448.74,1,Low Risk
49,Female,26.5,117,170,97,No,Low,No,2,33566.39,0,Low Risk
27,Female,33.7,110,175,124,Yes,Low,No,0,44726.5,0,Medium Risk
51,Male,27.4,112,175,87,No,Low,No,3,38930.56,0,Low Risk
72,Male,37.4,140,202,105,Yes,Moderate,No,1,52270.78,0,Medium Risk
49,Male,31.1,121,170,67,No,Low,No,1,32339.17,0,Low Risk
67,Female,34.8,127,185,121,No,Moderate,Yes,1,40562.6,0,Medium Risk
