Age,Gender,BMI,Blood_Pressure,Cholesterol,Glucose,Smoking,Physical_Activity,Family_History,Previous_Visits,Medical_Expenses,Disease_Presence,Risk_Category
69,Female,24.2,112,192,116,No,High,Yes,2,40054.38,0,Medium Risk
32,Male,31.6,102,152,113,No,Moderate,Yes,2,33333.46,0,Medium Risk
89,Female,35.9,143,208,132,Yes,Low,Yes,3,62566.35,1,Critical Risk
78,Male,28.6,111,207,109,No,High,Yes,5,40274.91,0,Medium Risk
38,Male,26.5,126,181,62,No,High,No,2,29213.69,0,Low Risk
41,Female,30.4,117,188,101,No,High,No,1,30742.25,0,Low Risk
20,Female,25.8,140,168,102,No,High,Yes,2,32706.87,0,Low Risk
39,Female,28.6,140,166,91,Yes,High,No,0,39023.9,0,Low Risk
70,Female,41.0,134,194,133,No,Low,No,5,47329.46,1,High Risk
19,Female,26.7,107,138,99,No,High,No,1,28191.41,0,Low Risk
47,Male,27.6,130,215,103,Yes,High,No,1,39578.81,0,Low Risk
55,Female,26.5,139,184,113,No,Low,Yes,1,42366.72,1,Medium Risk
19,Female,31.7,94,162,93,No,Low,No,2,29593.37,0,Low Risk
81,Female,30.1,117,184,68,No,High,No,1,37008.53,1,Medium Risk
77,Male,27.6,125,256,96,No,Low,No,3,40209.79,0,Medium Risk
38,Female,35.5,126,159,113,No,High,No,4,33616.92,0,Low Risk
50,Male,36.6,130,180,87,No,Low,Yes,2,41195.12,0,Medium Risk
75,Male,27.7,142,205,100,No,Low,No,2,44953.66,0,Medium Risk
39,Male,19.6,100,181,73,Yes,Moderate,Yes,2,38786.8,0,Medium Risk
66,Male,35.3,108,217,130,No,Low,Yes,2,48420.61,1,High Risk
76,Female,27.4,140,233,128,Yes,Moderate,Yes,1,53163.7,1,High Risk
59,Female,33.9,119,202,88,Yes,Moderate,No,2,45276.77,0,Medium Risk
77,Female,21.0,108,171,103,No,Low,Yes,2,44078.56,1,Medium Risk
32,Male,33.1,118,170,82,No,Low,No,2,34372.93,0,Low Risk
79,Male,24.9,139,203,112,No,Moderate,No,5,39552.8,0,Low Risk
79,Male,34.6,135,246,115,No,Low,No,2,46402.29,1,High Risk
64,Female,30.3,123,164,113,No,Moderate,Yes,3,40686.22,1,Medium Risk
79,Male,26.2,130,222,109,No,Moderate,No,0,34746.02,0,Low Risk
68,Female,28.4,125,197,145,No,Low,No,2,44041.39,1,Medium Risk
72,Female,34.0,119,217,89,No,Moderate,No,2,42719.35,0,Medium Risk
81,Male,31.6,128,201,81,No,Low,No,1,44969.73,1,Medium Risk
20,Female,30.9,116,149,82,No,Low,No,2,32170.91,0,Low Risk
68,Female,40.3,138,218,82,No,Low,No,1,43507.21,1,Medium Risk
24,Female,20.4,108,173,62,No,High,No,2,26453.62,0,Low Risk
38,Female,37.0,111,201,81,No,High,Yes,4,39315.46,0,Medium Risk
56,Male,30.3,123,187,85,No,High,No,3,37433.1,1,Medium Risk
35,Male,24.3,91,158,75,No,Low,No,1,28727.57,0,Low Risk
21,Female,21.4,108,128,92,No,Low,No,3,28158.37,0,Low Risk
77,Female,29.9,147,216,97,No,Moderate,No,3,40800.23,1,Medium Risk
31,Male,33.2,101,183,89,No,Moderate,Yes,4,36272.4,0,Medium Risk
26,Female,27.7,105,148,102,No,High,No,3,25372.15,0,Low Risk
70,Female,38.1,137,191,94,No,Low,No,1,44808.91,1,Medium Risk
19,Female,20.7,117,148,80,No,Low,No,2,29223.91,0,Low Risk
77,Male,30.8,129,171,110,No,Moderate,Yes,2,43437.01,0,Medium Risk
88,Female,25.1,128,186,77,No,High,No,2,38077.86,0,Low Risk
61,Female,31.9,108,169,65,No,High,No,3,37346.4,0,Medium Risk
25,Male,32.7,114,162,95,No,Moderate,Yes,2,35159.32,0,Medium Risk
64,Male,28.1,147,176,107,No,High,Yes,0,36724.7,1,Medium Risk
52,Female,16.6,119,141,123,Yes,Moderate,No,1,37695.32,0,Medium Risk
53,Male,30.6,123,226,100,No,High,Yes,1,35814.07,0,Medium Risk
67,Female,32.5,133,221,115,No,High,No,1,40292.67,0,Medium Risk
21,Female,30.1,110,151,85,No,High,Yes,1,28101.16,0,Medium Risk
19,Male,34.1,104,174,93,No,Low,No,3,34395.46,0,Low Risk
23,Female,22.8,116,170,111,No,Low,No,0,32774.37,0,Low Risk
71,Male,34.0,135,223,73,Yes,Moderate,No,2,45937.29,0,Medium Risk
21,Female,34.0,113,153,96,No,Moderate,No,1,30062.66,0,Low Risk
71,Male,21.7,116,211,131,No,High,No,2,35550.36,0,Medium Risk
80,Female,32.6,148,193,111,No,Low,No,1,46177.44,0,High Risk
35,Male,26.2,121,145,115,No,Low,Yes,1,38337.42,0,Low Risk
61,Male,29.6,121,204,90,No,Moderate,No,1,32441.73,0,Low Risk
51,Female,31.3,133,211,97,No,Low,Yes,2,41760.15,0,High Risk
79,Male,28.5,128,251,105,No,Low,No,2,42502.12,0,Medium Risk
31,Female,25.2,104,144,60,No,Moderate,Yes,2,27820.1,0,Low Risk
65,Male,30.4,121,207,84,Yes,Moderate,Yes,2,47026.01,1,High Risk
32,Female,23.2,94,159,72,No,Low,No,1,29954.67,0,Low Risk
89,Male,26.0,140,219,119,No,High,Yes,1,42428.9,0,Medium Risk
79,Female,34.3,117,175,120,No,Moderate,Yes,2,41464.82,1,Medium Risk
57,Male,24.1,110,158,101,Yes,High,No,2,44809.97,0,Medium Risk
70,Male,33.8,111,183,116,No,Moderate,No,3,39861.82,0,Medium Risk
41,Male,31.4,118,181,92,No,Low,No,2,35292.28,0,Low Risk
43,Male,20.5,113,159,109,No,Low,No,1,29190.44,0,Low Risk
77,Female,27.5,128,211,104,No,Low,Yes,2,45700.07,1,Medium Risk
58,Male,35.9,118,214,102,No,Moderate,No,2,38032.74,0,Medium Risk
46,Female,24.4,106,189,89,Yes,Low,Yes,2,41471.2,1,Medium Risk
32,Male,26.3,118,202,100,Yes,Moderate,No,2,37002.88,0,Low Risk
62,Male,32.4,122,201,95,No,Moderate,No,2,39042.94,0,Medium Risk
82,Female,35.0,140,182,123,Yes,Low,No,1,57073.12,0,High Risk
88,Female,30.1,128,234,91,No,Low,No,0,44537.02,1,Medium Risk
26,Male,25.3,112,153,71,No,Moderate,Yes,1,31729.9,0,Low Risk
18,Male,35.0,125,187,99,No,High,No,5,31212.04,0,Low Risk
25,Male,36.9,121,206,90,Yes,Low,No,4,43990.26,1,Medium Risk
80,Female,35.9,133,215,101,Yes,Low,Yes,3,59090.25,1,High Risk
28,Female,28.8,115,139,103,Yes,High,Yes,2,43213.53,0,Medium Risk
25,Male,24.2,107,146,78,Yes,Low,No,2,38964.79,1,Low Risk
52,Female,25.4,121,208,92,No,High,No,2,31271.61,0,Low Risk
52,Female,32.2,121,183,119,Yes,Low,No,2,47129.85,0,High Risk
50,Female,31.6,121,186,120,No,High,No,0,34962.65,0,Low Risk
22,Female,35.1,115,186,114,No,Low,Yes,1,37203.04,0,Medium Risk
58,Male,33.2,117,205,96,No,High,No,1,35761.39,0,Medium Risk
45,Male,21.7,106,179,110,Yes,Low,No,0,41481.53,1,Low Risk
24,Male,33.5,99,166,76,Yes,Moderate,Yes,4,43113.54,0,High Risk
89,Male,26.5,120,198,93,Yes,Low,No,2,52819.65,0,Medium Risk
29,Female,26.5,100,185,60,No,Low,Yes,0,32100.16,0,Low Risk
51,Female,30.8,124,196,122,No,Moderate,Yes,2,37622.23,0,Medium Risk
50,Male,39.5,118,186,87,No,Moderate,Yes,0,39519.97,1,Medium Risk
65,Male,45.8,141,227,105,No,High,No,3,46817.5,1,Medium Risk
40,Male,32.0,119,177,81,No,Moderate,No,2,31656.13,0,Low Risk
79,Female,30.0,114,184,116,No,High,No,1,39593.9,0,Medium Risk
54,Male,32.4,131,173,93,No,Moderate,Yes,1,39663.25,0,Medium Risk
61,Female,34.5,137,174,82,No,High,No,3,37729.37,0,Medium Risk
52,Male,28.0,112,178,103,Yes,High,No,3,40772.85,0,Medium Risk
82,Male,40.1,144,235,89,No,Low,No,3,45285.96,1,High Risk
64,Female,31.4,120,177,89,No,High,No,0,30311.78,0,Medium Risk
20,Female,30.5,111,170,60,No,High,No,0,23972.91,0,Low Risk
18,Male,31.2,97,152,66,No,Low,Yes,3,31338.28,0,Medium Risk
22,Female,30.2,93,162,91,No,Moderate,No,3,31707.23,0,Low Risk
31,Female,32.7,112,144,62,No,Low,No,1,31667.15,0,Low Risk
44,Female,26.1,116,172,71,No,High,No,4,30196.07,0,Low Risk
26,Male,25.5,106,162,87,No,Low,Yes,0,29910.58,0,Low Risk
32,Female,23.1,100,178,80,No,Low,Yes,1,34583.38,0,Low Risk
59,Female,32.1,123,195,130,No,Moderate,No,3,42410.97,0,High Risk
68,Female,34.3,134,174,131,No,Moderate,Yes,2,46275.28,0,High Risk
80,Male,33.3,135,226,94,No,High,Yes,2,44488.96,0,Medium Risk
69,Male,38.8,136,206,114,No,High,No,1,37085.51,1,Medium Risk
21,Male,28.0,103,168,98,No,Moderate,No,4,28463.26,0,Low Risk
40,Female,32.3,131,179,85,No,Low,No,2,40417.72,0,Low Risk
32,Male,23.1,100,157,66,No,Moderate,No,2,28836.35,0,Low Risk
60,Female,28.1,130,192,99,Yes,Moderate,Yes,1,44564.34,0,Medium Risk
46,Female,32.8,134,193,94,No,Moderate,No,4,37372.13,0,Low Risk
53,Male,33.9,130,153,92,Yes,Low,Yes,5,50614.85,1,High Risk
30,Female,27.0,110,158,96,No,Moderate,No,2,28664.73,0,Low Risk
49,Male,29.1,116,177,85,No,Low,No,2,30469.19,0,Low Risk
88,Female,23.8,144,206,88,No,Moderate,No,0,39940.84,1,Medium Risk
76,Male,29.0,118,222,106,Yes,Moderate,Yes,3,49328.94,0,Medium Risk
45,Female,33.7,112,168,102,No,High,No,2,32012.89,0,Low Risk
83,Female,34.0,133,197,90,No,Moderate,Yes,5,46108.45,1,High Risk
59,Female,32.5,139,181,114,No,Low,No,6,42758.65,1,Medium Risk
62,Female,30.3,131,175,74,Yes,High,No,3,43646.49,1,Medium Risk
79,Female,31.0,124,195,97,No,Moderate,No,3,39307.61,1,Medium Risk
74,Female,27.4,127,211,99,No,Low,Yes,3,44519.1,0,Medium Risk
23,Female,31.6,106,148,80,Yes,Moderate,No,2,33868.4,1,Medium Risk
45,Female,31.4,114,190,87,No,Moderate,No,3,35658.54,0,Low Risk
45,Male,31.7,131,148,124,No,High,Yes,2,30500.48,0,Medium Risk
61,Female,27.4,111,177,86,No,Moderate,No,0,33596.97,0,Low Risk
47,Female,18.6,131,166,128,No,Moderate,Yes,2,37613.36,0,Medium Risk
79,Female,36.4,145,240,114,No,Low,No,2,45172.05,1,High Risk
79,Male,28.6,144,194,106,No,Moderate,No,2,41609.6,0,Medium Risk
18,Female,23.6,101,115,91,No,High,No,2,26227.3,0,Low Risk
44,Male,32.7,119,142,134,No,High,No,1,25854.42,0,Medium Risk
79,Female,29.0,119,201,90,Yes,Low,Yes,2,52324.26,0,High Risk
20,Male,33.3,106,180,72,No,Low,Yes,5,29818.36,0,Medium Risk
87,Female,34.4,144,217,98,No,Low,No,1,45774.09,0,High Risk
89,Female,34.9,153,214,111,No,Moderate,No,0,44806.01,0,Medium Risk
44,Male,22.4,105,197,66,No,Moderate,Yes,2,27645.98,0,Low Risk
26,Female,34.4,111,162,91,No,Moderate,No,0,34607.59,0,Low Risk
79,Male,32.3,133,221,132,No,Moderate,No,3,43658.91,1,High Risk
54,Female,27.9,109,152,99,Yes,High,Yes,2,41728.04,1,Medium Risk
68,Female,31.1,136,177,98,No,Moderate,No,3,42495.84,1,Medium Risk
61,Female,21.2,115,147,87,No,Low,Yes,4,35049.42,0,Medium Risk
41,Female,31.1,117,173,108,No,Moderate,No,1,31379.64,0,Low Risk
76,Female,25.7,126,195,90,Yes,High,Yes,1,42747.03,0,Medium Risk
49,Male,22.7,110,179,121,No,Moderate,No,1,35468.08,0,Low Risk
69,Male,22.8,126,190,128,Yes,Moderate,No,2,45486.15,1,High Risk
79,Female,36.5,135,188,112,Yes,Moderate,No,1,51992.84,0,Medium Risk
75,Female,27.6,127,193,103,Yes,High,No,3,46893.11,0,Medium Risk
69,Female,38.1,126,171,121,No,Moderate,No,4,43703.13,0,Medium Risk
29,Female,25.8,115,195,105,No,Low,Yes,2,36537.45,0,Low Risk
56,Male,21.3,137,174,83,No,High,No,3,32210.81,1,Low Risk
19,Female,22.4,107,149,76,No,High,No,1,24135.42,0,Low Risk
20,Male,34.2,122,201,69,No,Low,No,1,30926.53,0,Low Risk
73,Female,29.9,117,172,109,No,Moderate,Yes,4,42687.9,1,Medium Risk
76,Male,28.1,133,175,114,No,Moderate,Yes,3,42824.76,0,Medium Risk
19,Male,28.8,98,142,66,No,Low,No,1,27496.13,0,Low Risk
19,Male,30.5,95,164,81,No,High,No,3,23442.13,0,Low Risk
71,Male,36.1,126,210,85,No,Moderate,No,2,37301.12,0,Medium Risk
18,Female,35.1,124,183,75,No,High,No,2,32098.43,0,Low Risk
36,Male,27.0,124,224,99,No,Low,Yes,4,38266.36,0,Medium Risk
19,Male,21.3,108,113,73,No,Moderate,No,2,24625.38,1,Low Risk
70,Male,28.4,114,206,97,Yes,Low,No,2,45105.56,0,Medium Risk
61,Male,31.4,125,180,76,No,Moderate,No,4,33799.13,0,Medium Risk
49,Male,24.6,122,167,97,No,Moderate,Yes,4,34542.17,0,Low Risk
87,Male,26.6,137,191,106,No,Moderate,Yes,2,42894.14,0,Medium Risk
49,Female,31.2,104,166,86,No,Low,Yes,1,36990.4,1,Medium Risk
85,Female,31.0,128,239,105,No,Low,No,1,47409.89,0,Medium Risk
72,Female,30.8,131,214,106,No,Low,Yes,2,46098.24,1,High Risk
73,Male,26.9,135,195,90,No,Low,Yes,2,46405.13,0,Medium Risk
34,Male,27.5,92,199,69,Yes,Moderate,No,2,38003.22,0,Low Risk
55,Female,25.1,120,152,123,No,Moderate,Yes,2,32943.55,0,Medium Risk
41,Female,33.5,122,154,86,No,Moderate,Yes,2,38972.38,0,Medium Risk
86,Male,36.5,148,167,108,Yes,Moderate,Yes,2,51053.77,1,High Risk
87,Male,22.1,140,185,120,No,Low,Yes,2,44996.79,0,Medium Risk
28,Male,23.8,116,169,140,No,Low,No,2,30746.37,0,Medium Risk
33,Male,21.2,103,168,69,No,Low,No,6,35035.63,0,Low Risk
76,Male,27.5,112,200,110,No,High,No,2,39544.16,0,Low Risk
87,Female,30.9,133,178,97,No,Moderate,No,1,39716.2,0,Medium Risk
20,Female,20.8,115,174,76,No,Low,No,3,28980.82,0,Low Risk
37,Female,24.2,128,176,79,No,Low,No,1,33151.41,0,Low Risk
76,Female,25.8,137,210,86,No,High,Yes,5,43950.89,0,Medium Risk
53,Female,30.7,128,148,97,Yes,Moderate,Yes,2,46434.2,0,High Risk
36,Female,29.1,120,181,70,No,Moderate,No,1,29324.23,0,Low Risk
84,Female,27.6,129,178,120,Yes,Moderate,Yes,2,50532.28,0,Medium Risk
36,Male,29.7,115,167,93,Yes,Low,Yes,1,43776.27,0,Medium Risk
37,Male,26.1,132,183,97,No,High,No,0,31823.89,0,Low Risk
88,Male,30.0,128,208,101,No,Moderate,No,5,43748.19,1,Medium Risk
69,Female,38.8,150,185,100,No,Low,Yes,3,46498.35,1,High Risk
50,Female,36.2,122,189,103,Yes,High,Yes,1,48047.44,1,Medium Risk
57,Male,23.4,135,152,78,No,Moderate,No,4,32711.66,0,Low Risk
56,Female,33.9,112,213,95,No,Low,No,0,40655.41,0,Medium Risk
18,Male,32.0,116,162,75,No,Moderate,Yes,2,36501.12,0,Medium Risk
28,Female,22.7,102,187,74,No,Low,No,0,28449.95,0,Low Risk
74,Male,34.8,120,191,74,No,Low,No,4,43331.38,0,Medium Risk
67,Male,38.0,135,190,125,No,Moderate,No,4,40921.11,0,Medium Risk
40,Female,23.4,125,157,81,Yes,Low,Yes,2,43491.66,0,Medium Risk
48,Male,24.8,110,196,111,No,High,Yes,2,34522.87,0,Low Risk
59,Male,35.0,113,179,117,No,High,No,3,36174.12,0,Medium Risk
24,Male,29.6,110,180,69,No,Low,No,1,35053.27,0,Low Risk
33,Female,31.4,115,167,76,No,Moderate,Yes,4,35059.03,0,Medium Risk
77,Female,32.6,140,162,144,No,High,No,0,41109.59,0,High Risk
19,Male,29.9,119,153,113,Yes,Moderate,Yes,2,36520.87,0,Medium Risk
18,Female,21.3,104,134,83,Yes,Moderate,Yes,0,35984.28,0,Medium Risk
65,Female,35.5,149,198,107,No,Low,No,0,44850.09,1,High Risk
29,Male,34.3,118,151,82,No,Moderate,Yes,6,34794.19,0,Medium Risk
86,Male,30.2,133,224,114,No,Moderate,No,2,37355.47,0,Medium Risk
54,Male,29.5,107,184,87,No,High,No,1,31717.48,0,Low Risk
49,Male,21.8,115,173,62,No,Low,No,2,31842.71,0,Low Risk
26,Female,30.9,109,183,70,No,High,No,4,31349.53,0,Low Risk
36,Male,31.7,127,196,93,No,Low,No,1,38869.89,0,Low Risk
65,Female,29.9,133,192,84,No,High,Yes,5,40241.61,0,Medium Risk
20,Female,33.6,100,153,88,Yes,Moderate,No,1,35483.95,0,Medium Risk
37,Male,27.2,117,138,75,No,Moderate,No,0,25860.05,0,Low Risk
41,Female,31.9,126,166,83,No,Moderate,Yes,1,36708.07,0,Medium Risk
71,Male,25.5,143,180,114,No,Low,Yes,1,43354.21,1,High Risk
50,Female,29.4,131,185,100,Yes,Low,Yes,0,46823.36,0,Medium Risk
41,Female,28.2,125,170,93,No,Low,No,4,37730.83,1,Low Risk
89,Female,32.6,139,223,122,No,Low,No,1,47573.73,0,Medium Risk
53,Female,27.8,126,171,104,No,Low,No,2,37467.17,0,Low Risk
55,Male,29.1,136,185,119,No,Moderate,No,4,35782.96,0,Low Risk
42,Female,33.2,107,205,88,No,Moderate,No,2,33825.34,0,Low Risk
35,Female,26.6,111,179,84,No,Low,No,4,29140.34,0,Low Risk
83,Female,23.1,124,197,84,No,High,No,2,37326.71,0,Low Risk
71,Female,39.3,139,191,100,No,Moderate,No,4,43672.06,0,Medium Risk
52,Female,36.5,138,177,114,No,High,No,4,38899.14,0,Medium Risk
78,Male,24.4,124,179,122,No,Moderate,No,3,39490.24,0,Low Risk
58,Male,33.3,103,180,115,No,Low,No,3,39626.2,0,Medium Risk
50,Female,27.0,116,196,68,Yes,Moderate,No,1,40774.77,0,Low Risk
85,Male,32.6,146,202,124,Yes,Moderate,No,1,50937.57,1,High Risk
50,Female,31.0,128,157,69,No,Low,No,3,33852.7,0,Low Risk
31,Female,27.4,117,205,103,No,Low,No,2,33315.95,0,Low Risk
38,Male,25.0,112,179,85,No,Low,No,3,32665.29,0,Low Risk
65,Male,26.8,114,162,110,No,Low,No,1,35277.48,1,Low Risk
37,Female,24.3,119,162,70,No,Moderate,No,2,31661.01,0,Low Risk
25,Male,24.1,101,166,104,No,Moderate,Yes,2,29350.0,0,Low Risk
24,Female,27.9,132,200,66,No,Low,Yes,2,36131.84,0,Low Risk
84,Male,27.6,140,180,96,No,Moderate,No,1,39359.49,0,Low Risk
34,Female,32.1,111,195,78,No,Moderate,No,2,34245.63,0,Low Risk
50,Male,36.9,119,217,73,No,Low,No,2,40262.45,0,Low Risk
65,Female,27.3,126,178,101,No,Low,No,1,40022.99,0,Low Risk
76,Male,32.0,131,195,132,No,Low,No,2,38967.09,0,High Risk
39,Female,31.4,129,157,134,No,Moderate,Yes,4,41692.82,1,High Risk
47,Male,31.7,124,179,98,No,Low,Yes,3,43107.62,1,Medium Risk
55,Female,30.1,117,186,115,No,Moderate,No,0,34854.68,1,Medium Risk
68,Female,34.1,150,211,107,Yes,Moderate,Yes,4,54517.32,1,Critical Risk
71,Male,33.0,132,220,111,No,Moderate,No,2,38896.71,0,Medium Risk
25,Male,22.1,116,147,81,No,Low,No,2,24421.75,0,Low Risk
44,Male,33.5,115,143,99,No,Low,No,2,33686.3,0,Low Risk
44,Female,33.6,125,182,104,Yes,Moderate,No,3,43480.66,0,Medium Risk
38,Female,25.1,118,178,82,Yes,High,No,0,36035.37,0,Low Risk
47,Female,29.5,102,186,94,Yes,Moderate,Yes,1,42434.08,0,Medium Risk
45,Male,32.7,141,176,95,No,Moderate,No,1,33213.14,1,Medium Risk
81,Male,30.0,147,205,118,Yes,Moderate,No,1,49349.02,1,High Risk
86,Female,36.7,136,241,94,No,Moderate,Yes,2,46649.01,1,High Risk
78,Female,42.7,129,218,109,Yes,High,Yes,1,55452.86,1,High Risk
65,Female,26.3,130,182,128,Yes,Low,Yes,1,52089.34,1,High Risk
36,Male,21.9,113,159,107,Yes,High,Yes,1,42929.21,0,Medium Risk
21,Female,29.6,114,162,108,Yes,Moderate,No,3,41152.09,0,Low Risk
52,Male,33.2,126,220,99,No,Moderate,No,0,36608.55,1,Medium Risk
81,Male,29.9,139,198,111,No,Low,No,1,41208.17,0,Low Risk
66,Female,37.6,147,199,119,No,Moderate,No,1,42837.39,0,Medium Risk
34,Female,22.0,117,158,112,Yes,Moderate,No,3,39425.28,1,Low Risk
61,Female,33.5,118,215,72,No,Low,Yes,4,42907.75,1,High Risk
47,Male,26.3,133,218,74,No,Low,No,1,36663.67,0,Low Risk
63,Male,38.7,148,207,124,No,High,No,2,37847.87,0,Medium Risk
23,Female,38.1,147,175,87,Yes,Moderate,No,4,42974.97,0,High Risk
54,Female,25.9,110,183,86,No,Moderate,No,2,34901.73,0,Low Risk
41,Male,26.3,119,127,74,No,Low,No,0,29685.5,0,Low Risk
63,Male,34.4,109,210,94,No,Moderate,Yes,0,39380.87,0,Medium Risk
70,Male,28.6,135,197,81,No,Moderate,No,2,37193.73,0,Low Risk
77,Female,30.6,128,209,136,Yes,Moderate,No,4,49675.68,1,High Risk
80,Male,31.1,154,188,106,No,Moderate,Yes,0,45765.88,1,High Risk
49,Male,19.9,109,167,91,Yes,Moderate,No,0,34869.41,0,Low Risk
50,Male,29.4,105,175,105,No,Moderate,No,0,33165.56,0,Low Risk
84,Male,27.8,130,223,120,Yes,Low,Yes,2,55242.7,0,High Risk
35,Male,26.3,94,164,105,No,High,No,1,25558.07,0,Low Risk
42,Female,36.3,129,225,113,Yes,Moderate,Yes,3,50061.66,0,Medium Risk
71,Male,24.3,107,200,91,No,Low,No,1,35100.98,1,Low Risk
75,Female,34.8,135,177,101,No,Moderate,Yes,3,47576.89,0,Medium Risk
84,Male,29.8,115,201,118,No,High,No,2,36763.99,0,Low Risk
63,Female,28.8,123,177,92,No,Low,Yes,1,39907.57,0,Medium Risk
41,Female,33.0,136,137,95,No,Low,Yes,2,36812.11,1,Medium Risk
49,Female,31.2,126,216,103,No,Moderate,Yes,2,37379.68,1,Medium Risk
64,Female,33.1,120,208,114,Yes,Low,No,1,52498.35,1,High Risk
40,Male,33.8,120,191,68,No,Moderate,No,3,34687.83,0,Low Risk
83,Male,29.5,135,206,117,Yes,Low,No,1,51188.62,0,Medium Risk
44,Female,26.1,122,149,90,No,Moderate,No,1,30298.49,0,Low Risk
19,Female,22.5,92,149,95,Yes,Low,No,1,37292.5,0,Low Risk
34,Female,24.6,119,186,101,No,Low,Yes,0,33893.44,0,Low Risk
50,Female,44.2,102,174,126,No,High,No,2,39720.92,0,Low Risk
26,Female,34.5,108,122,111,No,Moderate,Yes,2,32512.0,0,Medium Risk
60,Male,23.2,118,180,117,No,Moderate,No,1,32664.37,0,Low Risk
65,Male,23.6,131,185,120,Yes,Low,No,2,47757.88,0,Medium Risk
56,Female,32.2,126,192,104,No,Moderate,No,0,38510.45,0,Medium Risk
59,Female,32.7,113,206,101,No,Moderate,Yes,3,42720.84,1,Medium Risk
43,Male,31.9,110,194,108,No,High,No,2,30558.98,0,Low Risk
67,Female,29.1,130,198,112,No,High,Yes,1,39299.11,0,Medium Risk
42,Male,28.5,117,201,89,No,Moderate,Yes,3,36595.62,0,Low Risk
41,Female,30.7,113,148,100,Yes,Moderate,Yes,1,41748.26,0,Medium Risk
30,Male,28.9,109,181,90,No,Moderate,No,2,32900.77,0,Low Risk
77,Male,19.8,135,204,88,Yes,Moderate,No,2,39562.16,0,Medium Risk
24,Female,27.1,105,141,107,Yes,Low,Yes,0,39417.82,0,Medium Risk
74,Male,26.4,129,165,103,Yes,Low,Yes,6,51033.76,1,High Risk
53,Female,30.5,145,171,128,No,Low,No,2,34419.93,1,High Risk
62,Female,45.0,120,189,82,Yes,Low,No,0,47465.43,1,High Risk
37,Female,30.7,99,191,85,No,Low,Yes,3,39086.8,0,Medium Risk
82,Male,29.5,142,190,106,No,Moderate,Yes,1,43260.27,0,Medium Risk
25,Male,32.9,107,154,107,No,Moderate,No,1,33003.97,0,Low Risk
33,Male,31.1,113,162,98,No,Moderate,No,2,34289.48,0,Low Risk
31,Female,30.7,107,195,96,No,Low,No,2,35251.23,1,Low Risk
32,Female,31.6,113,174,75,No,Low,No,1,33786.75,0,Low Risk
83,Female,41.4,157,209,94,Yes,Moderate,Yes,3,57891.68,1,High Risk
49,Female,23.8,127,176,99,No,Low,Yes,0,32268.5,0,Low Risk
80,Female,33.4,144,230,86,No,Moderate,Yes,4,44261.33,1,High Risk
68,Female,25.8,113,176,92,No,High,Yes,0,36741.78,0,Medium Risk
42,Male,31.9,108,207,102,No,Low,No,4,38285.32,0,Medium Risk
75,Female,26.2,102,200,88,No,Low,No,0,38796.31,1,Low Risk
80,Male,28.9,125,197,129,No,Moderate,No,0,37709.02,0,Medium Risk
79,Female,29.5,143,250,123,Yes,High,Yes,1,54637.18,1,High Risk
39,Female,33.8,125,159,71,No,Moderate,No,2,36323.61,0,Low Risk
75,Female,35.3,132,196,92,No,High,No,2,41888.66,0,Medium Risk
75,Male,24.5,129,169,68,Yes,Low,Yes,3,50825.62,0,High Risk
66,Male,30.6,122,213,90,Yes,High,No,3,43543.95,0,Medium Risk
69,Male,26.9,130,226,112,Yes,Low,Yes,3,54332.5,1,High Risk
59,Male,23.7,130,217,90,No,Low,Yes,0,39348.76,0,Medium Risk
87,Male,30.3,121,230,115,Yes,High,No,1,49202.59,1,Medium Risk
32,Female,27.1,116,166,67,No,High,No,1,28608.14,0,Low Risk
71,Female,42.7,146,199,120,No,Low,Yes,1,49282.1,1,High Risk
77,Male,33.0,130,169,97,No,Low,Yes,1,42184.43,1,High Risk
25,Male,21.4,115,202,86,No,Low,No,1,29244.3,0,Low Risk
70,Male,27.7,157,203,100,No,Low,No,3,43716.36,0,Medium Risk
77,Female,36.0,135,195,88,No,Low,No,2,43074.12,0,Medium Risk
22,Female,38.5,119,200,74,Yes,High,Yes,5,46059.36,1,High Risk
85,Female,23.3,125,180,119,No,Moderate,Yes,1,43630.17,0,Medium Risk
23,Female,18.8,107,166,90,No,Moderate,Yes,2,28907.24,0,Low Risk
64,Female,39.6,137,196,120,No,Moderate,Yes,1,47774.05,1,Medium Risk
72,Female,32.5,134,212,109,No,Moderate,Yes,0,42773.33,0,Medium Risk
57,Male,25.5,112,183,99,Yes,Moderate,Yes,2,47771.65,0,Medium Risk
69,Female,33.1,133,168,78,No,Moderate,No,1,38965.2,0,Medium Risk
33,Male,15.5,123,163,82,Yes,Low,Yes,1,38879.65,0,Medium Risk
30,Female,28.5,118,191,89,No,Moderate,No,2,29969.46,0,Low Risk
47,Male,31.0,131,182,125,No,Moderate,Yes,2,38680.21,0,Medium Risk
36,Female,33.4,116,193,104,No,High,No,2,32768.89,0,Low Risk
34,Female,23.6,120,148,112,Yes,High,Yes,4,38592.56,0,Medium Risk
80,Female,31.4,138,202,115,No,Moderate,No,1,41553.3,0,Medium Risk
36,Female,24.2,104,158,79,No,Moderate,Yes,1,30144.26,0,Low Risk
75,Male,32.0,136,215,107,Yes,Low,No,3,52560.06,1,High Risk
72,Male,26.1,119,194,105,No,Moderate,No,3,40219.54,0,Low Risk
79,Male,28.9,127,214,91,No,Moderate,No,2,36979.02,0,Low Risk
40,Male,24.0,117,194,85,No,Low,Yes,2,39200.89,0,Low Risk
26,Female,31.6,116,184,87,No,Moderate,No,1,30909.6,0,Low Risk
29,Male,32.7,103,179,115,No,Moderate,No,4,30842.63,1,Low Risk
18,Female,26.7,118,142,60,No,Low,Yes,2,33293.58,0,Low Risk
75,Female,30.9,138,199,122,No,High,No,5,40889.45,1,Medium Risk
18,Female,20.7,97,146,69,No,Low,No,3,26723.64,1,Low Risk
51,Male,28.1,106,176,75,No,High,No,3,30336.93,0,Low Risk
65,Female,30.0,127,185,119,Yes,Moderate,No,1,44776.22,0,Medium Risk
18,Female,41.0,110,154,102,Yes,Low,No,4,45149.18,0,Medium Risk
33,Female,23.1,113,129,107,Yes,Moderate,No,0,35604.45,0,Low Risk
78,Female,38.2,134,194,120,No,Moderate,No,1,40612.96,1,Medium Risk
81,Female,36.0,117,211,139,No,Moderate,No,2,45302.41,0,High Risk
80,Male,32.4,131,176,115,No,Moderate,No,0,37239.79,0,Medium Risk
86,Female,40.1,138,213,109,Yes,Moderate,No,2,51771.41,1,Medium Risk
39,Male,30.8,124,216,99,No,Moderate,No,1,36118.37,0,Low Risk
84,Male,33.1,130,227,127,No,High,Yes,2,42541.06,1,High Risk
43,Male,28.9,135,211,82,No,Low,No,6,33342.43,0,Low Risk
33,Male,34.8,98,185,84,No,Moderate,Yes,3,36436.08,0,Medium Risk
68,Male,35.9,145,222,100,No,Low,Yes,3,46266.98,1,High Risk
74,Male,27.6,128,181,71,Yes,Moderate,Yes,2,47106.17,0,Medium Risk
46,Female,22.7,125,162,94,Yes,Moderate,No,3,39952.13,0,Low Risk
86,Female,30.3,137,151,79,Yes,Low,Yes,2,53488.87,1,High Risk
64,Female,26.2,137,213,100,No,Low,No,1,38194.5,0,Low Risk
79,Male,30.6,130,232,118,No,Low,No,4,47671.94,1,Medium Risk
86,Male,37.5,129,200,103,No,Moderate,Yes,4,44263.7,0,High Risk
33,Female,26.4,128,165,115,No,Moderate,Yes,5,37698.8,0,Low Risk
65,Male,30.0,127,177,79,No,High,No,0,34865.01,0,Medium Risk
56,Male,30.1,127,195,116,Yes,Moderate,No,1,42747.73,1,Medium Risk
50,Female,33.7,136,209,108,Yes,Low,No,0,45465.18,0,Medium Risk
40,Male,17.8,102,133,63,No,High,No,1,25474.01,0,Low Risk
27,Female,25.3,116,174,128,No,Moderate,No,1,28803.23,0,Low Risk
86,Female,32.4,132,201,107,No,Moderate,No,1,41303.6,0,Medium Risk
51,Male,35.6,124,191,86,No,Low,No,0,38959.74,0,Medium Risk
69,Male,28.0,129,202,80,Yes,Moderate,No,3,45526.63,1,Medium Risk
27,Female,19.0,92,157,82,No,High,No,2,20735.88,0,Low Risk
36,Male,31.9,110,175,91,No,Moderate,Yes,0,37353.69,0,Medium Risk
75,Male,27.6,144,192,105,Yes,Low,No,1,47621.93,0,High Risk
18,Female,22.0,114,177,79,No,Moderate,No,2,26149.99,0,Low Risk
86,Male,28.2,135,212,116,No,High,No,7,43115.05,0,Low Risk
21,Female,27.1,111,168,81,Yes,Low,Yes,5,44368.37,0,Medium Risk
33,Female,25.6,110,144,61,No,Moderate,No,3,32820.09,0,Low Risk
41,Male,18.0,126,161,87,No,High,Yes,0,25846.51,0,Low Risk
19,Male,32.4,109,185,60,No,Low,Yes,1,34632.5,0,Medium Risk
49,Male,35.8,127,188,104,No,Moderate,Yes,2,41233.33,1,Medium Risk
41,Male,32.3,131,193,80,No,Moderate,No,1,33107.95,0,Low Risk
29,Male,22.8,102,200,90,No,Moderate,Yes,1,32453.02,1,Low Risk
67,Female,29.3,144,214,121,Yes,Moderate,Yes,1,53181.31,0,High Risk
52,Male,29.6,107,186,83,No,Low,Yes,5,37156.29,0,Medium Risk
50,Female,32.5,140,175,113,No,Moderate,No,2,41017.72,0,Low Risk
50,Female,32.8,120,135,91,No,Low,Yes,1,35924.99,0,Medium Risk
78,Female,27.2,129,195,130,No,Moderate,Yes,3,42098.11,1,High Risk
68,Female,30.8,111,188,97,No,Low,No,5,40989.42,1,Medium Risk
60,Male,32.3,123,199,88,Yes,Low,No,1,50175.8,1,High Risk
29,Female,35.7,106,172,103,No,High,Yes,3,34532.22,1,Medium Risk
84,Female,34.7,132,201,102,No,Moderate,Yes,1,45662.89,0,Medium Risk
82,Male,35.0,136,171,95,Yes,High,Yes,3,53907.74,1,High Risk
50,Male,29.9,132,165,89,No,Low,No,5,36985.1,0,Low Risk
57,Female,36.9,130,203,101,Yes,Moderate,No,2,45393.82,0,Medium Risk
60,Male,32.0,130,225,120,No,Low,No,1,39830.17,0,Medium Risk
61,Male,25.7,113,185,69,No,Moderate,Yes,0,38074.95,0,Medium Risk
46,Male,36.3,115,193,98,Yes,Moderate,No,1,43396.78,0,Medium Risk
30,Male,32.0,133,192,101,No,Low,Yes,3,42408.17,1,Medium Risk
29,Female,26.2,104,152,92,No,High,Yes,4,33136.3,0,Low Risk
63,Female,27.8,143,197,119,No,Low,No,1,39306.14,0,Medium Risk
19,Female,29.4,107,150,86,Yes,Moderate,No,5,38072.02,0,Low Risk
52,Male,31.9,124,204,95,Yes,High,Yes,2,43788.34,1,High Risk
25,Male,29.2,122,171,98,No,High,No,3,27834.07,0,Low Risk
43,Female,30.7,132,186,96,No,High,No,1,42140.13,1,Low Risk
51,Male,38.0,125,175,94,No,Low,No,3,41362.19,0,Medium Risk
24,Male,33.6,109,185,98,No,Low,No,1,34309.51,0,Low Risk
85,Female,32.2,137,248,98,No,Low,No,5,46374.59,0,High Risk
75,Male,35.5,138,183,97,No,Moderate,No,4,44796.13,0,Medium Risk
46,Female,24.1,126,170,85,No,Moderate,No,2,34640.05,0,Low Risk
53,Male,31.6,124,191,118,No,Low,No,3,42855.13,0,Medium Risk
38,Male,37.9,127,198,60,No,Moderate,Yes,1,40440.19,1,Medium Risk
53,Male,28.6,139,173,103,No,Low,No,2,34319.75,0,Low Risk
27,Female,24.1,114,108,88,No,Low,Yes,1,29523.87,0,Low Risk
41,Female,25.8,119,202,67,No,Moderate,Yes,5,34569.29,1,Low Risk
81,Female,25.6,117,214,109,Yes,Moderate,No,1,45572.67,0,Medium Risk
66,Female,26.4,100,155,107,No,High,Yes,2,37389.76,0,Medium Risk
53,Male,27.8,126,171,105,No,Low,No,0,34285.63,1,Low Risk
41,Female,22.0,113,203,60,No,Moderate,No,1,34041.85,0,Low Risk
40,Male,29.1,112,206,114,No,Low,No,0,38372.79,0,Low Risk
79,Female,35.5,139,224,96,Yes,Low,Yes,3,56985.49,1,High Risk
54,Male,25.2,121,179,106,No,Moderate,Yes,0,39719.02,0,Medium Risk
29,Female,36.0,128,177,104,No,High,No,4,37010.2,0,Low Risk
72,Male,33.2,133,197,91,No,Low,No,1,40044.78,1,Medium Risk
30,Male,33.7,108,197,102,No,Low,Yes,2,33467.44,0,Medium Risk
40,Female,25.7,126,157,86,No,Moderate,Yes,2,34227.31,0,Low Risk
47,Male,33.6,120,168,66,No,Low,No,2,34027.54,0,Low Risk
34,Male,23.2,117,189,107,No,High,Yes,1,31785.11,0,Low Risk
79,Male,35.4,132,204,96,Yes,Moderate,No,2,49708.83,1,Medium Risk
30,Male,29.4,107,199,77,No,Low,No,0,31333.79,0,Low Risk
76,Female,33.6,135,189,100,No,Moderate,No,5,43937.25,0,Medium Risk
36,Female,22.9,113,168,94,No,Moderate,Yes,4,31801.56,1,Low Risk
66,Female,25.8,131,171,99,No,Low,Yes,4,43610.12,0,Medium Risk
29,Female,31.4,112,172,99,Yes,Moderate,Yes,1,41621.61,0,Medium Risk
78,Male,26.2,113,168,83,No,Low,No,1,37957.44,0,Low Risk
36,Female,31.1,113,166,82,Yes,Moderate,No,3,42559.63,0,Medium Risk
26,Male,21.5,116,134,84,No,Low,No,1,25070.49,1,Low Risk
88,Male,35.6,137,225,139,Yes,High,No,3,51989.67,0,High Risk
45,Female,23.1,114,189,91,No,Moderate,Yes,0,33949.15,0,Low Risk
69,Male,33.2,141,163,120,No,Low,No,1,40024.91,0,High Risk
33,Female,31.8,109,201,93,No,High,No,3,33983.11,0,Low Risk
86,Male,27.8,120,253,99,Yes,Low,No,2,49854.07,0,High Risk
29,Female,31.4,113,173,87,No,Moderate,Yes,3,33967.24,0,Medium Risk
42,Female,30.4,114,166,92,No,Moderate,No,2,31860.83,0,Low Risk
69,Female,27.8,119,250,110,No,Low,No,1,43710.85,0,Medium Risk
70,Female,25.5,126,165,121,No,High,No,2,35242.28,0,Low Risk
40,Female,19.2,118,169,95,No,Moderate,Yes,1,33446.15,0,Low Risk
33,Male,30.4,115,177,109,No,Low,No,1,37440.89,0,Low Risk
74,Female,22.9,131,219,86,No,Moderate,Yes,3,41373.16,0,Medium Risk
56,Male,30.3,143,195,92,Yes,Moderate,No,6,48887.14,1,High Risk
70,Female,29.2,126,185,91,No,High,No,1,39587.54,0,Low Risk
59,Female,33.3,130,173,105,No,Low,No,2,42298.1,1,Medium Risk
75,Female,29.2,127,191,98,Yes,Moderate,No,5,48988.33,0,Medium Risk
56,Male,28.2,115,165,109,No,Moderate,No,2,35690.04,0,Low Risk
31,Male,32.2,110,175,78,No,Moderate,Yes,0,30108.05,0,Medium Risk
22,Female,29.8,106,155,89,No,Moderate,Yes,4,31682.5,0,Low Risk
52,Male,31.2,127,156,108,No,Low,No,1,35294.88,0,Medium Risk
35,Male,31.1,140,200,61,Yes,Moderate,No,1,44500.13,0,Medium Risk
26,Male,20.6,101,152,117,No,Moderate,Yes,0,27251.47,0,Low Risk
75,Female,34.5,130,177,102,No,High,Yes,1,40345.23,0,Medium Risk
34,Female,31.8,116,172,62,Yes,Low,No,3,39980.86,0,Medium Risk
24,Male,23.1,112,164,88,No,Moderate,No,3,28694.6,0,Low Risk
63,Male,28.9,129,156,100,Yes,High,No,2,42544.12,0,Medium Risk
30,Male,28.3,126,177,89,No,Moderate,Yes,0,34834.56,0,Low Risk
57,Female,29.2,100,166,113,No,High,No,2,35145.77,0,Low Risk
59,Female,31.6,103,224,111,No,High,No,1,33385.01,0,Medium Risk
26,Male,35.5,110,184,96,Yes,Moderate,No,3,38782.49,0,Medium Risk
67,Male,35.8,143,190,111,Yes,Moderate,No,0,50298.31,1,High Risk
44,Male,22.6,100,159,90,Yes,Low,Yes,1,41355.07,1,Medium Risk
83,Female,34.3,107,205,135,Yes,Moderate,No,3,54003.29,0,High Risk
22,Female,34.7,119,183,68,No,Low,Yes,4,37084.04,1,Medium Risk
46,Male,31.2,123,182,98,No,Moderate,Yes,0,34364.9,0,Medium Risk
54,Male,35.2,115,186,101,No,Moderate,No,2,35909.95,0,Medium Risk
55,Male,39.8,119,196,114,No,Moderate,No,1,36647.31,0,Medium Risk
25,Female,33.4,104,159,78,No,Low,No,1,30719.46,0,Low Risk
82,Male,32.3,137,198,81,No,High,No,2,39435.81,0,Medium Risk
34,Female,33.9,111,135,96,No,Low,No,1,34740.84,0,Low Risk
88,Female,32.1,143,227,113,No,Low,No,4,44636.95,0,High Risk
62,Male,30.2,98,197,123,No,Low,Yes,3,42061.12,1,High Risk
21,Male,26.3,100,148,67,No,High,No,3,23484.65,0,Low Risk
53,Male,37.5,116,229,118,Yes,High,Yes,3,47783.29,0,High Risk
87,Female,27.3,133,205,142,Yes,Moderate,No,4,52472.73,0,High Risk
48,Female,37.1,119,167,93,No,High,Yes,1,36397.65,0,Medium Risk
36,Female,31.3,125,193,73,Yes,Low,No,3,46514.07,0,Medium Risk
78,Female,23.9,112,203,96,No,High,No,3,39277.16,0,Low Risk
71,Male,32.4,132,206,104,No,Low,No,3,44670.13,1,Medium Risk
56,Female,19.3,125,170,102,Yes,Low,No,4,43130.14,0,Medium Risk
36,Female,31.9,136,186,84,Yes,Low,No,1,41793.26,0,Medium Risk
56,Male,34.2,122,185,123,No,Moderate,No,1,37401.91,0,Medium Risk
84,Female,28.2,138,214,89,No,Moderate,No,0,40150.77,0,Low Risk
62,Female,30.7,109,153,74,No,Moderate,No,6,35797.68,0,Medium Risk
30,Female,38.3,94,169,110,No,High,Yes,0,31799.77,0,Medium Risk
75,Female,28.2,140,232,69,No,Moderate,Yes,1,42353.34,1,Medium Risk
37,Female,23.6,114,155,87,No,Low,Yes,3,34638.5,0,Low Risk
89,Female,38.9,154,202,159,Yes,Moderate,Yes,1,60504.19,1,Critical Risk
78,Male,40.7,125,200,109,No,Moderate,No,2,44354.09,0,Medium Risk
56,Male,29.8,130,163,81,Yes,High,Yes,1,45677.14,0,Medium Risk
18,Female,33.0,129,123,87,No,Moderate,Yes,1,29688.6,0,Medium Risk
20,Male,34.7,117,165,89,No,Moderate,Yes,2,34074.33,0,Medium Risk
79,Male,27.2,135,201,107,No,Low,No,2,40126.34,0,Low Risk
80,Male,28.6,133,199,115,No,Moderate,No,2,37851.21,0,Low Risk
42,Male,35.3,106,180,81,No,High,No,2,30959.11,0,Low Risk
73,Female,39.1,149,205,132,No,Low,No,2,49189.93,1,High Risk
50,Female,32.3,117,206,101,Yes,High,Yes,2,45519.68,0,Medium Risk
55,Male,25.4,127,179,107,No,Moderate,No,4,38486.19,1,Low Risk
23,Male,38.1,100,162,82,No,Low,No,1,33113.35,0,Low Risk
75,Male,28.1,119,191,123,Yes,High,Yes,1,46990.36,0,Medium Risk
61,Female,28.4,140,200,95,No,Moderate,No,2,40282.39,0,Low Risk
62,Female,31.8,124,220,105,Yes,Low,No,2,50234.3,1,High Risk
49,Male,37.2,140,176,85,Yes,Low,No,3,45331.12,0,Medium Risk
62,Female,34.4,128,196,87,Yes,Low,No,2,52588.57,1,High Risk
78,Female,33.0,116,209,116,No,High,Yes,1,43321.26,0,Medium Risk
64,Female,32.5,138,174,95,No,Moderate,Yes,3,42312.53,0,Medium Risk
38,Female,29.1,111,176,80,No,High,Yes,5,33254.21,0,Low Risk
53,Male,32.4,131,158,89,No,Low,Yes,2,42391.29,0,High Risk
36,Female,16.2,110,129,97,No,Low,Yes,3,33530.21,0,Low Risk
37,Male,27.4,100,181,82,No,Low,No,1,32728.57,0,Low Risk
74,Female,31.9,134,192,103,Yes,Moderate,Yes,4,51736.92,1,High Risk
35,Female,23.0,134,173,89,No,High,No,3,31766.68,0,Low Risk
64,Female,32.1,134,193,73,Yes,Moderate,No,2,47973.11,0,Medium Risk
66,Female,29.3,127,173,79,No,Low,No,3,38045.74,0,Low Risk
31,Male,37.3,129,177,99,Yes,High,No,2,37734.23,1,Medium Risk
32,Female,36.5,120,153,83,No,Moderate,No,1,33812.28,0,Low Risk
48,Female,27.1,122,208,111,Yes,Low,No,1,41954.6,0,Low Risk
18,Female,27.1,97,135,100,Yes,High,No,3,34547.77,0,Low Risk
71,Male,30.2,133,192,114,No,Low,No,4,41279.59,0,Medium Risk
20,Male,25.7,118,141,113,No,Low,No,5,33809.84,0,Low Risk
33,Male,29.6,107,184,90,No,Low,Yes,3,35521.85,0,Low Risk
74,Female,26.9,144,189,112,No,Moderate,No,2,42237.12,1,Medium Risk
29,Female,22.8,109,155,79,No,Moderate,No,0,25920.66,0,Low Risk
33,Male,31.8,107,192,129,No,Low,No,3,37749.05,0,Medium Risk
89,Female,34.6,150,211,140,No,Low,Yes,3,56279.98,1,Critical Risk
41,Female,25.0,113,184,92,No,Moderate,No,3,30372.43,0,Low Risk
45,Female,33.7,129,164,102,No,High,No,1,34402.1,0,Low Risk
25,Female,25.1,107,136,107,No,Moderate,Yes,2,36985.2,0,Low Risk
53,Female,30.9,123,188,96,No,Low,No,3,38987.93,0,Medium Risk
25,Female,32.4,118,164,80,Yes,Low,No,1,40599.09,1,Medium Risk
75,Male,30.6,135,211,117,Yes,Low,No,4,53261.58,1,High Risk
77,Female,33.1,114,201,107,No,Low,No,2,43079.27,1,Medium Risk
67,Female,27.8,116,196,103,No,Moderate,No,2,34265.9,0,Low Risk
45,Female,28.3,128,147,82,Yes,Moderate,No,2,43084.87,0,Low Risk
58,Female,28.9,123,225,73,No,Moderate,Yes,1,35175.31,0,Medium Risk
81,Female,27.3,128,197,108,No,Moderate,No,2,39641.55,0,Low Risk
44,Male,28.3,105,193,108,Yes,Low,No,1,44869.69,0,Low Risk
80,Male,23.3,120,179,99,No,Low,No,5,39593.99,0,Medium Risk
34,Male,26.2,94,177,112,No,Moderate,No,3,29075.88,0,Low Risk
50,Male,28.1,120,156,85,No,Low,Yes,1,38761.21,0,Low Risk
46,Female,28.0,113,189,79,No,Low,No,2,33583.5,0,Low Risk
30,Female,27.3,103,162,88,No,Moderate,Yes,3,30773.3,0,Low Risk
63,Male,29.8,126,192,99,No,Low,Yes,3,42971.38,0,Medium Risk
52,Male,32.0,127,200,109,No,Low,Yes,5,42743.32,1,High Risk
23,Female,32.5,133,145,78,No,High,Yes,1,29339.43,0,Medium Risk
86,Male,28.1,120,190,127,No,High,No,0,39369.26,0,Medium Risk
64,Female,24.2,136,196,128,No,Low,Yes,0,43084.17,1,High Risk
42,Female,23.9,125,216,91,No,Low,Yes,4,38617.42,0,Medium Risk
83,Female,28.7,127,200,125,No,Moderate,No,0,40331.53,0,Low Risk
27,Male,26.6,113,179,72,Yes,Low,No,1,38867.9,0,Low Risk
73,Male,26.8,125,193,118,Yes,Moderate,Yes,1,51130.73,0,Medium Risk
47,Female,22.9,119,215,108,Yes,Low,Yes,2,46565.24,0,Medium Risk
22,Female,25.8,124,128,99,No,Low,Yes,1,34355.2,0,Low Risk
50,Male,30.4,128,186,96,No,Moderate,Yes,3,39572.54,1,Medium Risk
82,Female,34.1,142,173,63,No,High,Yes,4,45091.16,1,High Risk
35,Male,26.0,110,121,81,No,Low,No,2,29987.48,0,Low Risk
66,Female,28.2,113,198,91,No,Low,Yes,3,40775.85,1,Medium Risk
28,Male,23.8,108,168,73,No,Low,No,2,28264.95,1,Low Risk
43,Female,29.0,131,173,96,No,Low,No,2,36913.55,0,Low Risk
80,Male,26.8,117,197,98,No,High,No,2,40344.29,0,Low Risk
76,Male,33.7,124,264,93,No,Moderate,No,2,40871.65,0,Medium Risk
44,Male,20.3,116,167,75,No,Moderate,No,4,31600.78,0,Low Risk
66,Male,28.5,118,202,90,No,Moderate,No,1,35354.44,0,Low Risk
50,Female,31.0,115,171,114,No,High,No,1,33962.6,0,Low Risk
18,Female,28.8,104,169,77,No,High,Yes,1,32226.55,0,Low Risk
38,Male,42.4,110,181,90,Yes,Low,Yes,5,51468.14,1,High Risk
72,Male,32.3,122,190,97,No,Low,No,4,39202.1,0,Medium Risk
23,Female,23.1,115,198,91,No,Moderate,No,1,27573.97,0,Low Risk
86,Female,30.8,124,229,114,Yes,Moderate,No,2,53789.25,1,Medium Risk
22,Female,19.2,89,161,60,No,High,No,4,24029.39,0,Low Risk
20,Male,27.6,102,117,102,No,Moderate,No,0,23171.42,0,Low Risk
70,Male,26.3,135,185,123,No,High,No,3,35482.51,0,Low Risk
40,Female,33.6,118,234,79,No,Low,No,3,39560.07,0,Low Risk
70,Male,27.8,124,189,87,No,High,No,3,37664.51,0,Low Risk
54,Female,29.1,124,207,91,No,Low,No,4,39420.56,0,Medium Risk
34,Male,25.5,96,199,79,No,High,No,2,32637.29,0,Low Risk
18,Female,36.6,117,174,93,No,Low,Yes,2,38616.58,0,Medium Risk
68,Male,28.8,132,176,72,No,Moderate,No,1,35111.17,0,Low Risk
62,Female,39.3,127,149,87,No,Moderate,Yes,3,40747.42,0,Medium Risk
21,Female,32.1,122,181,112,No,Moderate,Yes,3,33846.46,0,Medium Risk
79,Female,33.4,124,187,93,No,Moderate,No,2,41558.94,0,Medium Risk
82,Male,32.9,148,209,126,No,High,Yes,2,43915.55,1,High Risk
49,Female,31.4,124,159,102,No,Moderate,No,2,38673.18,0,Low Risk
51,Female,19.9,114,171,66,No,Moderate,Yes,5,38026.11,0,Medium Risk
89,Female,30.1,137,208,118,No,Low,No,3,47442.81,1,Medium Risk
56,Female,34.0,125,196,98,Yes,High,Yes,2,45299.74,0,High Risk
43,Female,28.9,131,156,87,No,Moderate,No,3,32487.22,0,Low Risk
51,Female,22.5,108,202,97,No,Moderate,Yes,4,39758.57,0,Medium Risk
71,Male,30.3,123,184,110,No,Low,No,3,39680.26,1,Medium Risk
20,Female,36.5,124,137,101,No,Moderate,Yes,1,36550.44,0,Medium Risk
67,Female,36.6,126,197,122,Yes,Low,No,0,51564.55,1,High Risk
29,Male,28.1,122,170,96,No,Low,Yes,7,37935.43,0,Medium Risk
82,Male,35.9,155,211,88,No,Moderate,Yes,2,44751.51,0,High Risk
71,Male,28.7,126,222,95,Yes,Low,Yes,4,52336.75,1,High Risk
22,Female,19.6,112,154,128,No,Low,No,0,29393.49,0,Medium Risk
74,Female,26.1,118,192,113,Yes,Moderate,No,1,48168.38,0,Medium Risk
34,Female,36.5,126,157,130,No,Low,No,2,35992.86,0,Medium Risk
64,Female,28.8,129,207,121,No,Low,Yes,1,43223.38,0,Medium Risk
40,Male,27.8,122,179,96,No,Low,No,0,33234.57,0,Low Risk
31,Male,27.1,106,161,94,No,Moderate,No,1,29980.6,0,Low Risk
83,Male,40.7,124,174,110,No,Moderate,Yes,1,43654.28,0,Medium Risk
68,Male,38.5,138,230,79,No,Moderate,No,0,37585.8,0,Medium Risk
55,Male,40.8,109,171,103,No,Low,No,2,41051.1,0,Medium Risk
81,Male,30.3,131,190,124,No,Low,Yes,3,43400.53,0,High Risk
55,Female,31.2,134,195,89,No,Low,Yes,2,44798.4,0,High Risk
67,Female,22.8,127,164,105,No,Moderate,Yes,8,41538.18,1,Medium Risk
47,Female,36.7,144,157,111,No,High,No,1,32825.34,0,Medium Risk
68,Female,24.6,137,147,86,No,Low,Yes,1,39307.49,0,Medium Risk
80,Female,32.1,129,218,100,No,Low,Yes,5,49373.41,0,High Risk
69,Male,25.0,127,180,85,No,Low,Yes,2,39423.64,1,Medium Risk
55,Female,26.8,122,242,84,Yes,Moderate,Yes,1,47051.76,1,High Risk
47,Female,25.2,103,158,74,No,Moderate,Yes,2,35429.26,0,Low Risk
68,Male,27.4,118,174,87,No,Moderate,No,2,35103.81,0,Low Risk
22,Male,25.4,103,152,108,Yes,High,Yes,3,35577.2,0,Medium Risk
46,Female,26.6,98,183,80,Yes,Moderate,No,3,39859.63,0,Low Risk
21,Male,32.2,112,158,91,Yes,Low,No,1,41624.68,1,Medium Risk
27,Female,22.8,107,176,79,No,Low,No,1,33057.83,0,Low Risk
73,Female,31.8,115,179,122,No,Moderate,No,4,36935.96,0,Medium Risk
34,Male,34.8,122,150,113,No,Moderate,Yes,3,38838.99,0,Medium Risk
34,Male,26.1,121,135,103,No,Moderate,No,2,30160.5,0,Low Risk
86,Male,27.7,138,159,111,No,Moderate,No,3,42171.09,0,Low Risk
51,Male,28.4,118,172,93,No,Moderate,No,3,32848.24,0,Low Risk
23,Male,34.0,119,165,72,Yes,High,No,1,32408.06,0,Medium Risk
70,Female,31.5,138,184,132,No,Moderate,No,3,42810.14,0,High Risk
83,Male,28.5,138,227,94,No,Moderate,No,0,38086.22,0,Low Risk
60,Female,32.4,119,216,110,Yes,Low,No,1,45779.23,1,High Risk
40,Male,23.5,118,166,107,No,Moderate,No,3,28569.76,0,Low Risk
72,Female,34.0,145,164,96,No,High,No,0,39213.87,0,Medium Risk
33,Male,30.7,110,163,107,Yes,Moderate,No,2,39606.82,0,Medium Risk
25,Male,26.7,131,154,99,Yes,Moderate,No,3,39458.22,0,Low Risk
21,Female,23.9,102,148,111,Yes,Moderate,No,4,38125.27,0,Low Risk
21,Female,23.6,108,147,78,No,Low,Yes,1,30323.11,0,Low Risk
73,Male,33.3,126,187,85,No,Moderate,No,3,39116.28,0,Medium Risk
42,Female,35.2,124,175,89,No,Low,Yes,0,38360.6,0,Medium Risk
84,Male,28.0,117,190,109,No,High,No,1,36993.38,0,Low Risk
84,Female,33.5,132,211,109,No,High,Yes,1,42503.07,0,Medium Risk
44,Male,18.8,103,178,84,No,Low,Yes,3,34860.43,0,Low Risk
49,Male,26.5,121,162,66,Yes,Low,No,2,43508.31,0,Low Risk
67,Female,30.2,139,219,109,No,Moderate,Yes,0,40855.19,0,Medium Risk
78,Female,26.4,138,178,133,No,Low,No,2,45228.01,0,Medium Risk
68,Male,25.7,103,159,107,No,Low,No,2,36842.28,0,Low Risk
36,Female,25.5,135,179,100,No,Moderate,Yes,4,37140.49,0,Low Risk
38,Female,30.4,120,160,102,Yes,Moderate,Yes,3,41289.43,0,Medium Risk
22,Male,27.2,102,171,93,No,Low,No,5,27784.48,0,Low Risk
59,Female,18.8,122,132,109,No,High,Yes,2,34185.89,0,Medium Risk
78,Male,20.3,130,220,107,No,High,No,4,38748.41,0,Low Risk
39,Female,25.9,109,187,87,No,Moderate,No,3,30821.94,0,Low Risk
38,Female,31.2,120,147,81,No,High,Yes,5,38546.72,0,Medium Risk
87,Female,17.6,125,166,99,No,Low,Yes,0,42493.61,1,Medium Risk
18,Male,25.4,103,194,90,No,Low,No,1,27073.72,0,Low Risk
22,Male,25.5,102,148,82,No,Low,No,2,28322.33,0,Low Risk
29,Male,35.4,102,159,97,No,Moderate,Yes,2,39171.36,0,Medium Risk
63,Male,28.2,128,145,106,No,High,Yes,1,33922.34,1,Medium Risk
51,Male,31.5,129,178,110,No,Moderate,No,3,37336.02,0,Medium Risk
66,Female,31.0,134,189,121,No,High,No,6,39766.4,0,Medium Risk
62,Male,19.4,130,197,97,No,Moderate,No,5,36837.94,0,Low Risk
44,Male,33.0,124,154,76,Yes,Moderate,No,0,42406.86,0,Medium Risk
43,Female,30.2,114,149,89,No,Moderate,No,2,31975.62,1,Low Risk
64,Male,32.7,137,203,102,No,Low,No,0,42180.23,0,Medium Risk
73,Female,50.0,128,233,84,No,Low,No,3,53142.41,0,Medium Risk
80,Male,20.6,120,163,123,No,Moderate,No,1,36116.38,0,Low Risk
65,Female,38.9,123,221,107,No,Moderate,No,4,44541.82,1,Medium Risk
78,Male,29.5,144,201,110,No,Moderate,No,2,39487.95,0,Medium Risk
43,Male,30.6,129,202,115,No,Moderate,No,3,35774.51,0,Low Risk
53,Female,29.4,128,183,88,No,Low,No,0,36333.38,0,Low Risk
18,Male,25.8,118,110,94,No,Moderate,No,2,27487.52,0,Low Risk
25,Female,25.4,101,162,86,No,Moderate,Yes,2,33629.6,0,Low Risk
69,Male,32.1,134,218,100,No,Moderate,Yes,1,41999.95,0,Medium Risk
64,Male,22.6,123,168,86,No,High,No,4,36081.49,0,Low Risk
73,Female,34.4,142,193,130,Yes,Moderate,Yes,1,56420.96,1,Critical Risk
31,Male,26.5,111,166,84,No,Moderate,No,1,30174.42,0,Low Risk
45,Female,23.6,113,117,103,No,High,Yes,1,30577.84,0,Low Risk
19,Female,25.7,113,195,60,No,High,No,3,25736.32,0,Low Risk
43,Female,35.4,131,166,114,No,High,Yes,2,36545.96,0,Medium Risk
31,Female,25.9,106,179,105,No,Low,No,0,33680.33,0,Low Risk
76,Male,32.6,133,199,107,Yes,Low,No,6,50154.14,1,High Risk
73,Male,27.0,119,220,99,Yes,Low,Yes,2,52412.24,1,High Risk
24,Male,32.0,88,178,95,No,Low,No,1,28574.66,0,Low Risk
20,Female,31.4,113,162,122,No,High,Yes,1,33965.35,0,Medium Risk
40,Female,38.2,128,166,70,No,Moderate,Yes,4,39187.35,0,Medium Risk
35,Male,27.9,118,189,103,No,Low,No,4,37468.93,0,Low Risk
55,Female,33.1,106,152,86,No,Low,Yes,2,42260.89,1,High Risk
32,Male,29.1,111,185,90,No,Low,No,5,37097.23,0,Low Risk
81,Female,37.5,116,186,105,No,Moderate,Yes,1,47910.45,1,Medium Risk
45,Male,25.7,132,202,87,No,Moderate,No,0,32374.01,0,Low Risk
56,Female,33.5,115,193,100,Yes,High,No,4,42679.92,1,High Risk
74,Female,29.7,144,211,87,No,High,No,7,39422.91,1,Medium Risk
34,Male,28.4,124,174,106,No,Low,No,3,30100.02,0,Low Risk
61,Male,30.5,118,155,73,Yes,Low,No,2,42105.3,0,High Risk
42,Male,30.4,108,162,102,No,Low,No,1,33886.01,1,Low Risk
34,Male,28.1,118,186,86,No,Moderate,No,2,29836.35,0,Low Risk
30,Male,29.6,105,174,73,No,High,Yes,1,29901.8,0,Low Risk
42,Female,37.0,123,208,100,No,Moderate,No,1,37772.61,0,Low Risk
85,Female,36.2,134,218,86,No,Moderate,Yes,3,46675.04,0,Medium Risk
27,Female,32.7,96,153,91,No,Moderate,Yes,3,31645.07,0,Medium Risk
84,Male,28.9,113,187,85,No,Low,No,6,42330.22,0,Medium Risk
35,Female,24.3,115,172,97,No,Low,No,3,31534.16,0,Low Risk
51,Female,34.3,119,141,85,No,Moderate,No,1,33986.38,0,Medium Risk
25,Male,32.6,108,204,83,No,Moderate,No,4,34564.62,0,Low Risk
57,Female,37.2,135,202,106,Yes,Low,Yes,3,53223.0,0,High Risk
59,Female,26.9,136,211,86,No,Moderate,Yes,2,43540.94,1,Medium Risk
58,Male,28.8,122,156,98,No,High,Yes,7,41388.95,0,Medium Risk
23,Male,20.0,103,184,62,No,Moderate,No,1,23427.16,0,Low Risk
69,Female,28.5,134,238,111,No,Moderate,No,0,37454.05,0,Low Risk
43,Male,34.1,108,156,123,No,Moderate,Yes,1,36584.75,0,Medium Risk
81,Female,28.7,136,217,147,No,Moderate,No,2,45761.91,0,Medium Risk
76,Female,34.0,140,202,107,Yes,Moderate,No,5,50960.34,1,High Risk
73,Female,29.7,138,166,115,No,High,No,1,39655.43,0,Low Risk
76,Male,32.4,114,211,79,Yes,Low,No,2,51232.97,1,High Risk
87,Male,25.6,127,219,128,No,Moderate,No,1,39225.41,0,Medium Risk
50,Female,29.9,113,171,108,No,Low,No,2,35725.71,0,Low Risk
70,Female,15.5,124,207,89,No,Low,Yes,1,40558.62,0,Medium Risk
39,Male,28.0,121,142,111,No,Moderate,Yes,0,33808.35,0,Low Risk
38,Female,20.7,128,139,85,No,High,Yes,1,29022.17,0,Low Risk
87,Female,37.4,136,214,104,Yes,Moderate,No,4,53439.63,1,High Risk
87,Male,35.2,134,210,117,No,Low,No,0,44660.07,0,Medium Risk
21,Male,30.4,122,152,72,No,Low,No,2,27175.3,0,Low Risk
79,Female,38.6,141,224,124,No,Moderate,Yes,3,50677.8,0,High Risk
79,Male,26.2,144,208,88,No,Low,No,1,39714.24,1,Medium Risk
41,Male,37.8,125,201,81,No,Low,No,2,31938.61,0,Low Risk
72,Male,35.3,122,198,92,No,Moderate,No,3,40050.55,0,Medium Risk
26,Male,27.1,98,179,100,Yes,Low,No,4,38322.02,0,Medium Risk
20,Female,33.7,96,160,80,No,Moderate,No,3,33281.07,0,Low Risk
48,Female,23.9,125,218,73,No,Moderate,Yes,5,36899.67,0,Low Risk
57,Male,25.7,135,168,88,No,Low,Yes,1,36382.94,0,Medium Risk
53,Female,26.6,140,225,96,No,Moderate,Yes,2,41037.98,0,Medium Risk
41,Female,26.4,125,176,75,No,Moderate,No,2,30780.64,0,Low Risk
23,Female,22.9,119,134,68,No,Moderate,Yes,2,27941.25,0,Low Risk
83,Male,37.3,133,236,141,No,Moderate,No,3,47018.63,0,High Risk
21,Male,26.8,97,166,74,No,Low,No,2,26385.78,0,Low Risk
23,Female,29.9,120,184,84,Yes,High,Yes,2,37389.21,0,Medium Risk
68,Female,27.5,132,217,95,Yes,Moderate,No,5,51826.47,0,Medium Risk
79,Male,21.8,131,201,96,No,Low,Yes,2,43483.09,0,Medium Risk
74,Male,32.1,136,188,114,Yes,Low,No,2,49686.67,1,High Risk
83,Male,21.6,134,216,117,No,Low,No,3,41779.66,0,Low Risk
25,Female,27.9,124,167,84,No,Low,Yes,1,35703.78,1,Low Risk
43,Female,22.3,128,187,73,No,Moderate,No,3,34019.2,0,Low Risk
68,Female,40.3,140,159,125,No,Low,No,1,42558.96,0,Medium Risk
62,Male,34.7,138,203,101,No,Low,No,2,41959.34,1,Medium Risk
61,Female,30.6,132,178,126,No,Moderate,No,2,37790.22,1,Medium Risk
22,Female,34.4,108,203,60,No,Low,Yes,2,35637.6,0,Medium Risk
87,Male,27.1,143,216,109,No,Moderate,No,2,41996.91,0,Medium Risk
43,Female,31.9,106,186,124,No,Moderate,Yes,5,39836.86,1,Medium Risk
85,Female,32.2,148,216,103,Yes,Low,Yes,3,58895.85,1,Critical Risk
36,Male,30.1,105,155,89,No,Moderate,Yes,0,33370.2,0,Medium Risk
37,Female,35.2,122,212,99,No,Moderate,Yes,1,35517.19,0,Medium Risk
29,Male,32.1,106,212,83,No,Moderate,No,1,28248.09,0,Low Risk
64,Female,31.6,134,201,97,No,Low,Yes,0,42463.65,1,High Risk
18,Female,19.6,104,188,78,No,Moderate,No,2,29704.92,0,Low Risk
31,Female,23.7,95,156,79,No,High,No,4,25661.75,0,Low Risk
81,Female,30.4,139,187,124,Yes,Moderate,No,3,50384.49,0,Medium Risk
55,Male,30.2,118,187,105,No,Low,No,0,35452.37,0,Medium Risk
54,Female,24.0,129,190,99,No,Moderate,Yes,1,36316.61,0,Medium Risk
28,Female,40.5,118,171,106,No,Moderate,No,3,35963.99,0,Low Risk
20,Male,35.6,117,181,86,No,Moderate,No,3,34196.15,0,Low Risk
50,Female,32.5,114,192,86,Yes,Moderate,Yes,2,47565.11,0,Medium Risk
23,Female,28.5,105,146,79,Yes,Moderate,No,1,34185.99,0,Low Risk
67,Male,29.3,124,204,101,No,High,No,1,41203.15,0,Low Risk
27,Female,23.6,118,182,71,Yes,Moderate,Yes,0,38984.27,0,Medium Risk
22,Female,28.5,127,169,80,No,Moderate,Yes,3,32311.78,0,Low Risk
40,Male,30.3,110,201,86,No,Low,Yes,2,40380.82,0,Medium Risk
27,Female,22.1,120,139,118,No,High,No,2,26644.22,0,Low Risk
61,Male,31.7,106,201,60,No,High,No,3,37222.09,0,Medium Risk
19,Male,27.2,96,139,83,No,Low,No,1,25550.83,0,Low Risk
30,Male,19.0,99,140,112,Yes,Moderate,No,1,36678.35,0,Low Risk
57,Female,25.5,109,172,99,No,Low,No,3,37186.52,0,Low Risk
19,Female,25.9,92,143,97,No,Moderate,No,3,29966.7,0,Low Risk
82,Male,40.5,144,200,112,No,Moderate,No,3,48945.06,0,Medium Risk
80,Male,33.8,134,200,97,No,Low,No,1,40449.62,0,Medium Risk
34,Female,22.0,115,184,60,No,High,No,0,28928.32,0,Low Risk
26,Male,30.7,120,163,93,No,Low,No,3,29911.25,0,Low Risk
32,Female,20.9,113,134,76,Yes,Moderate,No,2,33174.68,0,Low Risk
41,Female,34.5,127,204,84,Yes,Moderate,No,2,42212.22,0,Medium Risk
55,Female,27.4,122,168,89,No,Low,Yes,3,41175.59,0,Medium Risk
52,Female,29.1,110,183,123,Yes,Low,Yes,2,49015.58,1,High Risk
66,Male,36.9,142,208,140,No,Low,No,6,46084.42,1,Critical Risk
86,Female,24.9,128,205,109,No,Moderate,Yes,1,43561.73,0,Medium Risk
79,Female,24.0,121,218,96,Yes,Moderate,No,3,48651.9,1,Medium Risk
77,Female,27.9,130,208,86,No,Low,No,3,43446.1,1,Low Risk
67,Male,35.5,122,181,111,Yes,Low,Yes,1,53870.9,1,High Risk
26,Female,20.7,104,205,112,No,Low,Yes,1,37581.05,0,Low Risk
51,Male,15.4,119,176,87,No,Moderate,Yes,1,31934.04,0,Medium Risk
52,Male,27.3,125,180,60,No,Moderate,Yes,1,34011.08,0,Medium Risk
18,Male,30.7,101,184,97,No,Low,No,3,32574.68,0,Low Risk
57,Female,35.9,123,197,116,Yes,Moderate,No,2,45216.88,1,Medium Risk
81,Female,28.7,145,209,82,No,Low,No,2,41712.85,0,Medium Risk
39,Female,26.9,121,224,95,No,High,No,0,33486.62,0,Low Risk
77,Female,36.6,157,199,114,No,High,No,1,42167.59,0,Medium Risk
81,Male,21.7,142,189,101,No,Moderate,No,5,37054.0,0,Medium Risk
89,Female,29.5,149,209,96,No,High,No,0,37782.61,0,Medium Risk
28,Male,29.4,99,191,105,No,High,No,2,28983.07,0,Low Risk
31,Female,30.8,122,143,85,No,High,Yes,5,36462.62,1,Medium Risk
77,Female,28.3,131,159,82,No,Moderate,Yes,1,42897.38,0,Medium Risk
47,Female,29.5,115,170,65,No,Low,Yes,1,37578.42,0,Low Risk
52,Female,17.2,118,142,111,No,Low,Yes,2,40065.33,0,Medium Risk
54,Male,26.4,131,175,106,No,Low,No,1,35852.99,0,Low Risk
22,Male,30.4,116,177,90,Yes,Moderate,Yes,0,39343.13,1,Medium Risk
43,Female,24.2,108,157,85,No,Low,No,3,28096.69,0,Low Risk
79,Male,31.2,142,173,98,Yes,Low,No,0,48038.75,0,High Risk
21,Male,30.3,104,168,72,No,Moderate,No,1,29059.34,0,Low Risk
59,Female,28.2,127,205,92,No,Low,No,2,42129.1,0,Low Risk
35,Female,29.6,113,140,60,No,Moderate,Yes,2,31220.23,0,Low Risk
57,Male,25.0,120,200,86,No,High,No,0,32425.41,0,Low Risk
89,Male,30.4,145,224,104,No,Moderate,Yes,3,48698.84,1,High Risk
56,Female,32.9,115,208,109,Yes,Moderate,No,2,46127.74,0,Medium Risk
31,Female,29.3,134,196,90,No,Moderate,No,0,27563.9,0,Low Risk
49,Male,26.5,102,224,107,Yes,Moderate,No,3,42899.78,0,Low Risk
68,Male,31.5,124,188,123,No,Low,No,3,42939.19,0,Medium Risk
55,Male,33.3,129,191,115,Yes,High,No,2,42132.07,0,Medium Risk
40,Male,18.8,118,160,96,No,Low,Yes,4,34156.78,0,Medium Risk
80,Male,36.8,136,207,108,No,Low,Yes,1,45057.62,0,High Risk
32,Female,26.9,113,201,75,No,Moderate,No,2,25915.32,0,Low Risk
42,Female,31.2,124,153,106,No,Low,No,3,38752.24,1,Low Risk
34,Female,34.7,116,160,119,No,Moderate,No,2,34358.37,0,Low Risk
83,Male,24.3,146,226,109,No,Low,Yes,4,49872.84,0,High Risk
70,Female,27.0,137,213,130,No,Low,No,1,43740.48,1,Medium Risk
68,Male,29.0,137,186,79,No,Low,No,1,37768.76,0,Low Risk
56,Female,25.9,113,201,79,No,Low,No,5,37838.01,0,Medium Risk
68,Female,39.1,133,208,118,No,Moderate,No,3,44664.76,0,Medium Risk
87,Male,27.1,132,233,110,No,High,No,2,42093.61,0,Low Risk
23,Female,25.4,99,165,106,Yes,Moderate,Yes,5,41847.02,0,Medium Risk
84,Male,32.2,140,226,107,No,High,No,4,44537.77,1,Medium Risk
24,Female,22.2,102,214,73,No,Low,Yes,4,33603.44,0,Medium Risk
68,Male,28.4,135,205,98,No,Low,Yes,5,42552.19,0,Medium Risk
89,Male,33.0,128,210,86,No,Low,No,3,44271.56,0,Medium Risk
59,Female,28.3,142,202,82,No,Moderate,No,3,38186.08,0,Medium Risk
81,Male,30.6,126,195,121,No,Moderate,No,1,37911.85,0,Medium Risk
32,Female,26.0,115,217,103,No,Moderate,No,5,31292.56,0,Low Risk
46,Male,21.7,124,178,97,No,Moderate,No,8,35233.07,0,Low Risk
50,Female,31.1,117,179,71,No,Moderate,Yes,0,35579.68,1,Medium Risk
44,Female,38.0,132,170,93,No,Moderate,No,2,36580.72,0,Low Risk
53,Female,29.7,111,207,79,Yes,High,Yes,0,43073.22,0,Medium Risk
46,Male,30.4,135,199,113,No,Low,No,0,39809.1,0,Low Risk
55,Male,33.2,126,179,91,No,Moderate,Yes,2,41547.61,0,Medium Risk
74,Male,24.4,123,205,85,Yes,Moderate,No,0,41131.3,1,Medium Risk
44,Male,37.7,120,156,98,Yes,Moderate,No,2,41948.19,0,Medium Risk
72,Female,31.6,140,202,94,No,Low,Yes,2,47303.5,0,High Risk
50,Female,37.7,120,199,122,Yes,Moderate,No,3,48851.66,0,Medium Risk
85,Female,27.6,127,237,95,Yes,Moderate,Yes,1,52202.53,0,Medium Risk
83,Female,40.2,138,196,90,No,Moderate,Yes,1,44626.89,1,Medium Risk
27,Female,32.2,102,146,60,No,Low,Yes,0,31732.65,0,Medium Risk
22,Female,30.9,129,149,88,No,High,No,4,28966.02,0,Low Risk
55,Male,30.9,119,161,90,No,Moderate,No,1,34460.03,0,Medium Risk
30,Female,27.3,121,196,68,No,Moderate,No,1,33734.66,0,Low Risk
48,Female,35.4,126,218,116,No,Moderate,No,2,37427.04,0,Low Risk
64,Female,30.9,118,199,111,Yes,High,No,0,42128.47,0,Medium Risk
69,Male,20.6,125,212,98,No,Low,No,2,37347.22,0,Low Risk
73,Male,25.1,137,196,122,Yes,Low,No,2,50642.7,0,Medium Risk
32,Male,27.7,112,169,100,No,Moderate,No,2,27377.47,0,Low Risk
46,Female,30.8,133,175,83,Yes,Moderate,No,0,44782.27,0,Medium Risk
25,Female,28.0,121,161,73,No,Low,Yes,4,35096.05,0,Medium Risk
22,Male,34.2,122,139,102,No,High,No,5,28939.82,1,Low Risk
46,Female,19.5,111,178,97,No,Moderate,No,2,27832.97,0,Low Risk
64,Male,30.9,117,192,104,No,Moderate,Yes,1,41058.42,0,Medium Risk
85,Male,22.2,126,213,91,No,Low,No,1,39385.69,1,Low Risk
62,Male,33.9,131,196,111,No,Low,Yes,2,44180.98,0,High Risk
19,Female,27.5,114,160,75,No,Moderate,Yes,1,28791.69,0,Low Risk
44,Female,31.3,99,164,94,No,High,Yes,2,33981.22,0,Medium Risk
53,Male,25.3,121,183,117,Yes,Moderate,No,3,41796.01,0,Medium Risk
53,Female,36.0,128,205,90,Yes,High,No,2,44713.01,0,Medium Risk
43,Male,34.4,119,160,73,No,High,No,2,30088.48,1,Low Risk
60,Female,32.9,140,194,85,Yes,Moderate,Yes,1,46026.95,1,High Risk
44,Female,28.6,123,183,109,No,Moderate,No,5,41622.72,0,Low Risk
86,Female,34.2,152,194,113,Yes,Moderate,No,0,48872.98,0,High Risk
37,Male,25.3,112,160,89,No,Moderate,Yes,3,33467.58,0,Low Risk
28,Female,32.7,124,177,83,Yes,Low,No,0,37789.28,0,Medium Risk
55,Female,38.0,144,170,108,No,Moderate,Yes,2,38775.13,1,High Risk
23,Male,33.5,126,177,77,Yes,Low,Yes,3,44386.57,0,High Risk
89,Female,27.8,126,187,112,Yes,High,No,2,48429.33,0,Medium Risk
40,Male,30.8,116,199,83,Yes,High,No,2,41855.12,0,Medium Risk
64,Female,23.7,121,234,85,No,Low,Yes,2,42489.38,0,Medium Risk
63,Male,33.0,134,176,92,Yes,Low,Yes,3,50713.96,1,High Risk
29,Female,30.7,121,182,85,No,Moderate,Yes,2,33071.7,0,Medium Risk
30,Female,19.2,100,148,85,Yes,Moderate,Yes,0,39583.3,1,Medium Risk
79,Male,25.1,132,218,107,Yes,Low,Yes,1,53670.03,1,High Risk
77,Male,29.4,112,174,60,No,Moderate,No,4,34607.63,0,Low Risk
60,Male,28.5,140,198,87,No,Low,No,2,38544.64,0,Low Risk
85,Male,25.2,128,183,99,No,Low,No,2,40948.89,0,Low Risk
22,Male,30.0,111,163,111,No,Low,No,1,30502.16,0,Low Risk
54,Female,31.0,121,166,82,No,Low,No,1,38240.91,0,Medium Risk
89,Male,30.5,149,224,111,No,Moderate,Yes,2,48267.06,0,High Risk
48,Male,25.6,91,162,117,No,High,Yes,1,32095.34,1,Low Risk
26,Female,33.5,114,183,71,No,Moderate,No,1,30431.32,0,Low Risk
68,Male,38.7,132,194,111,No,Moderate,Yes,3,47661.03,0,Medium Risk
46,Female,26.9,114,176,82,No,Low,Yes,3,40090.34,0,Low Risk
57,Female,26.8,140,188,90,No,Moderate,Yes,1,38971.47,1,Medium Risk
58,Female,32.4,118,175,88,Yes,Low,No,3,43818.39,0,High Risk
28,Female,26.6,119,172,78,Yes,Moderate,No,3,39100.96,0,Low Risk
40,Female,28.3,121,207,134,No,High,No,2,35507.07,0,Low Risk
18,Male,31.6,123,150,100,No,Low,No,1,25320.44,0,Low Risk
63,Male,20.6,116,207,113,No,Moderate,No,3,35664.7,0,Low Risk
38,Male,35.5,113,211,102,Yes,Low,No,2,44074.07,0,Medium Risk
53,Female,30.0,134,169,73,No,Moderate,Yes,2,37702.31,1,Medium Risk
71,Male,28.5,134,166,108,Yes,Low,Yes,2,48883.0,0,High Risk
74,Female,30.3,116,204,120,No,Moderate,Yes,3,43599.77,0,Medium Risk
18,Female,27.7,103,152,73,Yes,Low,Yes,1,42427.63,1,Medium Risk
80,Female,22.3,134,233,117,No,Moderate,Yes,3,43180.4,0,Medium Risk
71,Female,38.0,143,203,117,No,Moderate,Yes,1,47908.55,1,High Risk
72,Male,30.8,124,181,131,Yes,Low,Yes,5,52299.33,1,Critical Risk
57,Female,32.1,97,166,93,No,Moderate,No,2,36737.02,1,Medium Risk
32,Female,33.4,122,197,76,No,High,No,1,31360.64,0,Low Risk
38,Male,23.8,102,160,85,Yes,Moderate,No,2,37342.31,0,Low Risk
64,Male,32.6,109,195,123,No,Low,No,2,40104.51,0,Medium Risk
70,Female,29.2,101,214,75,No,Low,No,1,40001.79,0,Low Risk
26,Female,32.5,122,161,60,No,High,Yes,0,25854.99,1,Medium Risk
69,Female,19.8,126,186,99,Yes,Moderate,Yes,2,43794.51,0,Medium Risk
74,Female,30.2,129,198,97,No,Moderate,Yes,3,44265.52,0,Medium Risk
43,Female,26.1,131,190,93,No,Low,No,1,31173.69,0,Low Risk
58,Female,32.1,133,202,114,No,Moderate,No,2,38027.23,1,Medium Risk
52,Male,32.0,140,182,90,No,Low,Yes,4,41836.38,1,High Risk
80,Male,27.5,119,201,76,No,High,Yes,2,37602.28,0,Medium Risk
42,Male,25.5,116,168,123,Yes,High,No,2,37338.62,0,Low Risk
55,Female,29.2,107,156,83,Yes,Low,Yes,2,47402.17,1,High Risk
19,Female,23.5,104,165,69,No,Moderate,No,2,28318.63,0,Low Risk
24,Female,32.4,110,208,106,No,Low,Yes,3,36386.08,0,Medium Risk
51,Male,27.7,128,165,90,Yes,Moderate,No,2,40261.07,0,Medium Risk
34,Female,15.0,109,146,85,No,High,Yes,1,25867.48,1,Low Risk
60,Female,28.1,131,171,106,No,Moderate,No,2,32015.01,0,Low Risk
76,Female,25.6,137,210,119,No,Low,Yes,2,45775.61,1,Medium Risk
68,Female,22.2,147,197,94,Yes,Low,No,1,48762.52,0,High Risk
71,Male,24.4,124,188,123,Yes,High,No,2,45752.15,0,Medium Risk
41,Female,29.6,109,159,62,No,Moderate,Yes,0,31487.58,0,Low Risk
42,Male,35.7,124,185,108,No,Moderate,No,4,34089.57,0,Low Risk
88,Male,33.0,131,177,96,No,Low,No,3,43832.99,0,Medium Risk
69,Female,27.4,143,196,122,No,Low,No,2,43643.79,0,Medium Risk
87,Female,33.6,136,226,111,No,High,No,5,44968.56,0,Medium Risk
50,Female,27.2,115,156,85,No,Moderate,No,4,34569.97,0,Low Risk
66,Female,26.8,122,160,110,No,Moderate,No,2,39031.76,0,Low Risk
46,Female,23.5,124,208,106,Yes,Moderate,Yes,1,43160.18,0,Medium Risk
80,Female,22.2,129,183,112,No,Moderate,No,0,37152.32,0,Low Risk
39,Female,27.0,110,197,77,No,Low,No,0,36209.33,0,Low Risk
43,Male,29.9,136,176,87,No,Low,No,2,35098.46,0,Low Risk
45,Male,28.8,111,176,94,No,Moderate,No,0,28935.39,0,Low Risk
66,Male,28.2,128,200,100,No,Moderate,No,4,36927.34,0,Low Risk
88,Male,26.7,142,186,118,No,Moderate,No,1,38725.02,0,Medium Risk
66,Male,33.3,114,198,72,Yes,High,No,2,44136.69,0,Medium Risk
37,Male,22.3,118,162,95,No,Moderate,No,3,27997.41,0,Low Risk
80,Male,34.9,126,179,103,No,Low,No,2,43296.11,0,Medium Risk
78,Female,25.9,139,204,91,No,High,No,5,38204.54,0,Low Risk
66,Male,26.5,117,185,89,No,Moderate,No,1,30574.59,0,Low Risk
88,Female,24.1,141,198,102,No,Moderate,No,0,40603.06,0,Medium Risk
18,Male,25.4,118,136,60,No,Moderate,No,3,25994.82,0,Low Risk
30,Female,33.4,124,206,81,Yes,Moderate,Yes,2,45668.48,0,Medium Risk
68,Male,33.0,133,214,90,Yes,Low,Yes,3,51417.47,0,High Risk
73,Male,35.5,132,221,114,No,Moderate,No,2,40343.54,0,Medium Risk
79,Female,33.6,130,198,95,No,High,No,0,39961.15,0,Medium Risk
49,Male,23.9,133,143,91,No,Moderate,Yes,2,37647.53,0,Low Risk
47,Male,27.7,113,219,118,No,Moderate,Yes,1,37321.15,0,Low Risk
46,Male,25.4,108,176,108,No,Low,No,3,35368.87,0,Low Risk
66,Male,37.0,139,184,118,No,Low,No,3,42532.69,1,Medium Risk
62,Male,24.1,116,194,90,Yes,Low,No,1,40667.56,0,Medium Risk
47,Male,33.8,113,208,105,No,Low,No,0,38720.41,0,Low Risk
33,Female,33.1,102,175,89,No,High,No,3,33111.26,0,Low Risk
57,Female,39.0,124,220,99,No,Moderate,Yes,1,44430.98,0,Medium Risk
36,Female,26.8,114,194,97,Yes,Moderate,Yes,6,44961.58,0,Medium Risk
35,Male,32.3,120,155,84,Yes,Moderate,No,2,40647.6,0,Medium Risk
18,Female,39.3,123,158,113,No,Low,Yes,1,39690.0,0,Medium Risk
64,Male,27.1,131,209,97,No,High,No,2,38673.85,0,Low Risk
83,Male,23.5,130,144,113,No,Moderate,No,2,39309.49,0,Low Risk
55,Female,20.3,117,176,116,No,Low,No,0,34752.63,0,Low Risk
68,Male,34.0,136,169,119,No,Moderate,No,3,37402.56,0,Medium Risk
80,Male,21.6,143,185,81,No,High,Yes,1,38226.59,0,Medium Risk
21,Female,26.2,110,157,93,No,High,No,2,27449.68,0,Low Risk
18,Female,30.1,105,157,100,No,Low,Yes,2,35604.03,1,Medium Risk
25,Female,29.2,102,157,102,Yes,High,Yes,3,42600.55,0,Medium Risk
46,Female,31.4,107,160,79,No,Low,No,1,34447.87,0,Low Risk
72,Female,31.7,138,244,94,No,Low,Yes,1,50495.41,0,High Risk
20,Male,34.4,118,206,104,No,High,No,2,27039.72,1,Low Risk
49,Male,24.7,125,155,83,No,High,No,1,30315.21,0,Low Risk
27,Male,25.0,109,197,83,No,Moderate,Yes,3,30622.47,0,Low Risk
51,Male,25.7,134,173,119,Yes,Moderate,Yes,1,41191.57,0,Medium Risk
72,Male,34.8,128,203,104,No,High,No,4,39471.74,0,Medium Risk
49,Female,34.0,133,185,87,No,Moderate,No,0,32801.25,0,Low Risk
67,Female,32.6,130,183,89,No,High,No,2,37058.98,0,Medium Risk
24,Female,34.1,108,191,95,Yes,Moderate,No,5,41834.78,0,Medium Risk
25,Male,22.4,114,165,66,No,High,No,3,27485.02,0,Low Risk
82,Female,39.4,144,201,106,Yes,High,No,3,49085.67,0,High Risk
74,Female,38.3,139,178,112,Yes,Low,Yes,2,57681.75,0,High Risk
84,Female,34.9,139,190,128,No,High,No,4,44029.59,1,High Risk
76,Male,39.7,137,174,118,No,Moderate,No,3,45160.4,0,Medium Risk
89,Female,23.2,158,202,95,No,Moderate,No,0,39696.56,0,Medium Risk
71,Male,27.9,141,171,120,No,Moderate,No,1,35343.84,0,Medium Risk
84,Male,27.5,142,197,101,No,Low,No,6,41972.05,0,Medium Risk
68,Male,34.0,132,225,85,No,Moderate,Yes,4,41068.6,1,High Risk
25,Female,23.0,119,187,84,No,High,No,5,30025.42,0,Low Risk
51,Female,33.3,129,186,120,No,Low,No,3,43435.09,1,Medium Risk
52,Male,36.5,126,188,102,No,Moderate,No,3,36625.9,0,Medium Risk
49,Male,32.9,120,223,98,No,High,Yes,0,38096.07,0,Medium Risk
63,Male,31.6,127,203,126,No,Moderate,No,2,35853.74,0,Medium Risk
33,Male,23.7,80,162,67,No,Moderate,No,2,26463.83,0,Low Risk
85,Male,27.0,137,174,87,Yes,Moderate,No,3,48741.85,0,Medium Risk
54,Male,35.9,122,199,76,No,Moderate,Yes,1,36098.18,0,Medium Risk
71,Female,34.4,149,216,110,Yes,Moderate,No,5,51906.26,1,High Risk
31,Male,28.4,114,158,93,No,High,Yes,7,35248.31,0,Low Risk
72,Male,28.5,118,201,126,Yes,Moderate,No,3,41455.59,0,Medium Risk
65,Male,20.1,123,177,101,No,High,No,2,34957.19,0,Low Risk
24,Female,22.8,98,158,80,No,Moderate,Yes,4,31501.08,0,Low Risk
24,Female,37.8,120,124,92,No,Low,No,1,34760.58,0,Low Risk
50,Female,23.1,121,174,96,No,Moderate,No,0,31213.88,0,Low Risk
40,Male,29.9,128,197,68,No,Moderate,No,2,29068.77,0,Low Risk
36,Female,33.8,110,166,134,No,Moderate,No,2,35959.29,0,Medium Risk
36,Male,22.5,113,170,97,No,Low,No,0,30122.44,0,Low Risk
53,Female,30.6,110,171,101,No,Low,No,2,37356.3,1,Medium Risk
46,Female,34.0,129,192,106,No,Low,Yes,0,43222.09,0,Medium Risk
77,Female,30.9,138,196,116,No,Low,Yes,1,47767.88,1,High Risk
19,Female,42.3,121,156,90,No,Moderate,No,0,36210.08,0,Low Risk
18,Female,19.6,104,183,73,Yes,Low,Yes,2,38984.81,0,Medium Risk
64,Male,35.5,134,215,112,No,Moderate,No,1,38495.67,0,Medium Risk
86,Female,30.4,153,193,113,No,Low,Yes,1,47613.96,0,High Risk
37,Male,32.7,115,188,82,No,Low,No,0,34364.21,1,Low Risk
28,Female,30.6,115,182,111,No,Moderate,No,0,33563.67,0,Low Risk
19,Male,24.3,96,173,89,No,Low,No,1,24751.2,0,Low Risk
84,Male,32.3,128,172,119,Yes,High,No,0,46640.57,0,Medium Risk
29,Male,19.2,109,182,107,No,Low,No,7,35507.23,0,Low Risk
37,Male,31.9,129,166,94,Yes,Moderate,No,1,39819.45,1,Medium Risk
22,Female,29.6,108,159,93,No,High,Yes,4,33929.26,0,Low Risk
54,Female,32.9,123,241,111,Yes,Moderate,No,2,48274.23,0,High Risk
55,Male,35.0,122,197,89,No,Low,No,4,41743.9,0,Medium Risk
26,Male,30.1,107,161,90,No,Moderate,No,2,27601.91,0,Low Risk
70,Female,31.2,134,152,105,Yes,Moderate,No,2,45221.33,0,Medium Risk
61,Male,25.6,109,214,84,No,High,Yes,2,36113.94,0,Medium Risk
41,Female,25.5,129,148,127,No,High,Yes,4,32702.23,0,Medium Risk
47,Female,35.3,117,166,77,No,Low,No,1,36005.62,0,Low Risk
76,Female,38.0,144,199,88,No,High,No,2,41990.26,1,Medium Risk
31,Female,27.4,100,198,109,Yes,Low,No,3,45727.11,0,Low Risk
26,Male,28.5,118,183,99,Yes,Low,No,5,42614.44,0,Medium Risk
57,Female,25.3,129,181,81,No,High,Yes,1,37018.54,0,Medium Risk
83,Male,37.0,143,215,118,No,Low,Yes,2,51703.09,0,High Risk
42,Male,32.4,110,169,117,No,Low,No,0,32848.81,0,Low Risk
39,Female,38.7,124,187,96,Yes,Low,Yes,3,49766.66,0,High Risk
21,Male,23.7,95,162,124,Yes,Moderate,Yes,3,43668.34,0,Medium Risk
43,Female,27.3,115,196,67,No,Moderate,No,0,31279.74,0,Low Risk
75,Female,31.9,143,219,115,Yes,Moderate,No,1,52375.03,0,High Risk
46,Female,32.5,130,193,114,No,Low,Yes,0,42937.21,0,Medium Risk
54,Female,28.6,123,178,111,Yes,Moderate,No,0,40160.27,0,Medium Risk
87,Male,27.0,126,218,103,Yes,High,No,1,47226.52,0,Medium Risk
35,Male,33.2,124,175,89,No,High,Yes,3,35000.61,0,Medium Risk
59,Female,33.6,128,170,107,No,Low,No,2,40856.62,0,Medium Risk
58,Male,25.3,100,176,109,No,High,No,5,31927.36,0,Low Risk
55,Female,36.5,135,193,110,Yes,Moderate,No,2,45414.33,0,Medium Risk
51,Female,35.4,125,207,115,No,Low,No,2,39878.28,1,Medium Risk
34,Female,29.4,127,170,76,No,Low,No,2,33705.85,0,Low Risk
54,Male,30.1,113,162,94,No,Low,Yes,1,40769.37,1,High Risk
42,Male,31.9,88,181,81,No,Moderate,Yes,2,38065.71,0,Medium Risk
44,Male,24.9,120,178,87,No,Low,Yes,1,38680.64,0,Low Risk
74,Male,30.9,135,202,119,No,Moderate,No,0,41145.42,0,Medium Risk
48,Female,18.6,99,192,93,No,Low,Yes,4,34712.74,0,Medium Risk
23,Male,32.5,103,190,129,No,High,No,1,28901.89,0,Medium Risk
57,Male,22.0,148,169,98,Yes,Low,Yes,3,47972.61,1,High Risk
29,Male,36.0,114,163,93,No,High,No,1,28685.25,0,Low Risk
70,Female,28.8,137,174,104,No,High,Yes,2,41539.23,1,Medium Risk
88,Female,30.3,131,221,98,No,Low,No,2,46343.47,1,Medium Risk
27,Male,25.2,90,195,87,No,Moderate,Yes,1,31515.98,0,Low Risk
62,Male,28.7,124,183,116,No,Low,Yes,2,43778.21,0,Medium Risk
34,Male,35.8,116,174,96,No,High,No,0,28888.61,0,Low Risk
43,Male,16.7,109,198,77,No,Moderate,No,2,30298.94,0,Low Risk
79,Female,37.3,136,217,94,No,Low,Yes,1,46729.16,0,High Risk
63,Female,31.8,131,201,94,No,Low,Yes,1,41460.16,0,High Risk
81,Male,25.0,130,174,105,No,Moderate,No,0,38138.7,0,Low Risk
19,Male,22.6,93,173,102,No,High,No,3,27473.78,0,Low Risk
71,Female,38.9,140,185,86,Yes,Moderate,No,1,50295.62,1,Medium Risk
82,Male,26.4,113,177,100,No,High,No,2,36213.35,0,Low Risk
68,Female,24.6,106,183,102,No,Moderate,Yes,1,39080.28,0,Medium Risk
70,Male,36.2,140,189,77,No,Low,No,5,43378.83,0,Medium Risk
53,Female,31.3,129,182,85,No,High,No,1,31910.93,0,Medium Risk
43,Male,24.5,116,146,82,No,Low,No,4,30262.87,0,Low Risk
46,Female,30.4,107,201,84,No,High,Yes,1,35097.29,1,Medium Risk
38,Female,23.8,107,194,93,No,Moderate,No,0,30381.08,0,Low Risk
28,Male,33.9,113,134,89,No,Low,Yes,3,35623.9,0,Medium Risk
57,Male,35.2,111,211,92,No,Moderate,No,3,39009.26,0,Medium Risk
28,Male,31.1,106,155,97,No,High,No,2,27917.06,0,Low Risk
53,Male,31.5,130,204,124,Yes,High,No,3,45593.45,0,Medium Risk
76,Male,39.6,151,205,133,No,Low,No,2,46512.61,1,High Risk
56,Male,29.8,120,188,69,No,Low,No,2,39886.25,0,Low Risk
71,Female,24.6,135,188,109,Yes,Moderate,No,1,45953.62,0,Medium Risk
72,Male,32.8,113,223,102,No,Moderate,No,2,44255.66,0,Medium Risk
41,Male,39.5,130,161,100,No,Moderate,Yes,3,40028.09,0,Medium Risk
39,Female,23.9,106,184,85,No,Low,Yes,1,34805.51,0,Low Risk
86,Male,29.5,139,227,109,No,High,No,2,39068.91,0,Low Risk
73,Female,32.7,130,214,107,No,Moderate,Yes,2,41583.89,1,Medium Risk
50,Male,29.2,135,229,88,No,High,No,2,32426.26,0,Low Risk
53,Female,24.7,112,171,82,Yes,Moderate,No,2,39122.33,0,Medium Risk
37,Female,34.5,125,198,88,No,Moderate,No,1,35387.43,0,Low Risk
79,Female,42.6,137,209,114,No,High,No,2,43242.73,0,Medium Risk
43,Female,30.1,118,204,103,No,Moderate,No,0,34503.05,0,Low Risk
83,Male,26.6,132,200,118,Yes,High,No,3,49822.85,0,Medium Risk
57,Female,22.1,112,174,88,Yes,High,No,3,39845.94,0,Medium Risk
34,Male,30.0,115,200,96,Yes,Moderate,Yes,1,46845.28,0,Medium Risk
18,Male,33.4,110,157,103,No,Moderate,No,3,27704.19,0,Low Risk
78,Male,33.3,137,175,124,No,Low,Yes,6,47941.58,0,High Risk
60,Female,30.0,127,179,99,Yes,Low,No,4,47097.77,0,Medium Risk
59,Male,27.0,132,199,95,No,Low,No,1,39194.11,0,Low Risk
42,Female,23.6,125,201,94,No,Low,No,1,29952.17,0,Low Risk
56,Female,34.0,116,193,83,No,Low,No,0,35115.9,1,Medium Risk
52,Female,34.2,134,214,96,No,Low,No,0,39295.96,0,Medium Risk
20,Female,20.3,93,131,95,Yes,Moderate,No,2,36064.16,0,Low Risk
61,Male,38.0,136,188,113,No,Moderate,Yes,1,42961.44,0,Medium Risk
68,Male,33.3,137,191,99,Yes,Low,No,2,46518.01,1,High Risk
29,Male,35.4,97,173,96,No,Low,No,5,32470.06,0,Medium Risk
36,Male,22.1,113,170,77,No,Moderate,Yes,5,36202.79,0,Low Risk
61,Male,23.2,118,198,108,No,Moderate,No,2,33533.99,0,Low Risk
76,Male,30.1,125,190,103,No,Moderate,Yes,3,40600.62,1,Medium Risk
66,Male,32.8,143,198,98,No,Moderate,No,2,42208.92,0,Medium Risk
78,Female,39.9,132,207,103,No,High,Yes,2,47616.74,1,Medium Risk
34,Female,32.2,109,157,92,No,Moderate,Yes,0,36657.24,0,Medium Risk
74,Male,29.5,132,195,97,Yes,Moderate,No,2,44875.89,0,Medium Risk
72,Female,25.5,135,190,111,No,High,Yes,1,36780.23,0,Medium Risk
64,Male,36.4,129,194,97,No,High,Yes,4,41921.33,1,High Risk
29,Male,23.6,122,166,112,No,Moderate,No,0,29168.19,0,Low Risk
79,Female,39.1,143,210,131,No,Moderate,No,4,47496.91,1,High Risk
25,Female,26.8,89,157,74,No,Low,No,6,34374.79,0,Low Risk
38,Male,36.9,115,207,97,No,Moderate,No,3,32128.34,0,Low Risk
87,Female,34.7,134,186,100,No,High,No,2,43472.79,0,Medium Risk
89,Female,30.8,143,193,104,No,Moderate,No,2,40986.26,1,Medium Risk
42,Female,26.5,91,232,123,Yes,High,Yes,1,44892.38,0,Medium Risk
29,Female,26.7,137,148,84,No,Moderate,Yes,2,32573.72,0,Low Risk
32,Female,30.7,120,146,97,No,High,No,2,28654.53,0,Low Risk
76,Male,31.2,134,215,113,No,Moderate,No,2,39705.93,0,Medium Risk
43,Male,26.2,129,135,78,No,Low,Yes,2,32533.06,0,Low Risk
43,Male,28.3,142,173,81,No,Moderate,No,3,33557.41,0,Low Risk
64,Male,30.6,137,235,83,No,Low,No,2,38952.52,0,Medium Risk
49,Female,18.8,125,143,78,No,Low,No,1,33224.5,0,Low Risk
27,Male,30.6,114,131,60,Yes,High,No,2,35552.36,0,Medium Risk
33,Female,23.8,111,138,97,No,Low,Yes,2,37521.73,1,Low Risk
88,Female,25.6,130,221,137,No,Moderate,No,3,44232.66,0,Medium Risk
34,Female,20.3,102,189,90,No,Low,Yes,2,35090.34,0,Low Risk
40,Female,20.0,106,159,68,No,Low,No,3,33599.36,0,Low Risk
43,Female,22.4,102,187,82,No,High,No,1,27396.5,1,Low Risk
24,Male,24.7,108,191,80,No,Moderate,No,3,25349.95,0,Low Risk
31,Female,38.3,102,214,79,No,Moderate,Yes,3,38225.08,1,Medium Risk
24,Male,25.6,111,159,100,Yes,Moderate,No,4,34245.91,0,Low Risk
26,Female,29.2,112,122,101,No,Moderate,No,3,34864.5,0,Low Risk
65,Male,32.3,131,178,85,Yes,High,No,2,46626.72,0,Medium Risk
89,Female,32.1,133,200,120,No,Moderate,No,1,47759.55,0,Medium Risk
76,Female,30.4,163,194,127,No,Moderate,Yes,5,47698.73,1,Critical Risk
56,Male,23.8,135,178,124,No,High,No,0,33698.21,0,Low Risk
35,Male,36.0,107,202,137,Yes,Low,No,0,43522.44,1,High Risk
76,Female,39.8,140,232,95,No,Moderate,No,3,46876.64,0,Medium Risk
34,Female,20.3,105,163,130,No,High,Yes,4,30094.93,0,Medium Risk
31,Female,23.4,101,189,83,Yes,Moderate,Yes,2,35132.77,1,Medium Risk
48,Female,28.0,107,188,86,No,High,No,5,31948.86,0,Low Risk
41,Male,24.2,120,175,96,No,Moderate,No,1,27597.25,0,Low Risk
77,Male,33.4,128,221,97,No,High,Yes,0,44429.8,1,Medium Risk
62,Male,26.5,135,189,105,No,High,Yes,3,41988.95,0,Medium Risk
20,Female,38.8,124,214,71,Yes,Low,No,2,40801.73,0,Medium Risk
54,Male,35.7,140,162,96,No,Low,Yes,2,44579.25,0,High Risk
60,Female,31.1,118,180,119,No,Moderate,No,1,39281.63,0,Medium Risk
57,Female,35.0,132,189,100,No,Moderate,No,2,35675.93,0,Medium Risk
72,Female,36.1,140,210,108,No,Low,No,2,43978.32,0,Medium Risk
56,Female,27.0,118,210,104,No,Low,No,5,38693.75,0,Medium Risk
32,Female,24.5,104,168,106,No,Low,No,3,34131.66,0,Low Risk
21,Male,28.4,126,136,62,Yes,High,Yes,0,33084.66,0,Medium Risk
42,Female,33.4,123,198,104,No,Moderate,No,4,36874.71,0,Low Risk
30,Female,29.2,120,186,86,No,Moderate,Yes,1,32906.72,0,Low Risk
50,Female,21.6,110,138,96,No,Low,No,5,35411.19,0,Low Risk
33,Female,24.6,100,169,105,No,Moderate,No,1,29177.18,0,Low Risk
59,Male,29.6,120,157,81,No,Low,No,5,36603.55,0,Medium Risk
83,Male,30.8,134,191,92,No,Low,No,1,41364.91,0,Medium Risk
72,Female,40.5,125,187,78,No,High,No,1,43490.9,0,Medium Risk
59,Male,23.0,122,200,88,No,High,No,3,32042.22,0,Low Risk
51,Female,32.1,107,188,118,No,Low,No,1,35901.37,0,Medium Risk
47,Female,36.8,113,161,97,Yes,Low,No,1,46615.54,0,Medium Risk
30,Male,39.9,126,197,74,Yes,Low,No,2,43840.13,0,Medium Risk
30,Female,26.5,118,140,82,No,Moderate,No,3,26992.94,0,Low Risk
35,Male,31.2,113,182,70,No,Low,Yes,1,39985.14,0,Medium Risk
49,Female,32.3,113,168,80,No,Low,Yes,4,39724.68,1,Medium Risk
56,Female,30.8,115,180,104,No,Low,Yes,0,39687.48,0,High Risk
63,Female,29.7,123,201,83,No,Moderate,Yes,2,40666.4,0,Medium Risk
46,Male,31.5,128,193,113,No,Moderate,No,1,38514.2,0,Low Risk
79,Male,18.3,137,218,99,No,Moderate,No,2,33827.14,0,Low Risk
79,Female,34.4,131,203,108,No,Moderate,No,2,43170.08,0,Medium Risk
74,Female,31.3,121,205,100,Yes,High,No,2,50873.81,1,Medium Risk
33,Female,27.5,117,163,102,Yes,High,No,3,38788.75,0,Low Risk
73,Male,40.9,128,210,120,No,Low,No,3,43244.63,0,Medium Risk
27,Male,25.0,105,174,93,No,Low,No,3,29495.81,0,Low Risk
47,Male,27.3,133,178,103,Yes,Moderate,No,2,42274.15,0,Low Risk
42,Female,39.1,132,150,95,Yes,Low,No,4,50078.94,0,Medium Risk
22,Male,23.9,109,168,94,No,Moderate,No,3,27053.24,0,Low Risk
82,Male,28.3,121,209,100,Yes,Moderate,No,6,51278.13,0,Medium Risk
66,Female,29.6,130,179,101,No,Moderate,No,3,35808.72,0,Low Risk
20,Male,32.2,122,142,84,No,Low,Yes,1,30493.66,1,Medium Risk
62,Female,31.1,124,221,94,Yes,Moderate,No,2,45766.1,0,Medium Risk
31,Female,22.1,124,176,77,No,High,No,7,33212.12,0,Low Risk
47,Female,26.7,132,174,101,Yes,Low,No,2,44554.5,0,Low Risk
85,Male,28.2,152,180,126,No,Moderate,No,1,41833.59,1,Medium Risk
35,Male,28.4,118,157,109,No,Low,Yes,5,38285.33,0,Medium Risk
79,Female,33.1,141,229,88,Yes,Low,No,3,55432.18,0,High Risk
54,Female,31.8,139,190,118,Yes,Moderate,No,5,46786.87,0,High Risk
42,Female,20.2,118,160,85,Yes,Low,No,2,41342.55,0,Low Risk
65,Male,35.6,126,207,112,Yes,Low,No,0,47249.15,1,High Risk
82,Female,32.4,131,188,93,No,Low,Yes,0,49385.4,0,High Risk
70,Female,37.4,136,231,108,No,Moderate,Yes,1,44176.02,1,Medium Risk
32,Female,30.8,102,200,96,No,Moderate,No,2,30721.52,0,Low Risk
66,Female,35.8,130,188,81,No,Low,Yes,3,46121.32,1,High Risk
85,Female,33.6,149,195,118,No,Moderate,No,2,44504.39,1,Medium Risk
29,Female,35.2,94,123,112,No,Low,No,2,33928.04,0,Low Risk
76,Male,33.4,149,172,103,No,Moderate,Yes,3,44608.0,0,High Risk
54,Female,29.2,134,158,118,No,Moderate,No,1,33842.34,0,Low Risk
78,Male,42.3,135,213,107,No,Moderate,No,7,50025.37,1,Medium Risk
60,Male,34.4,134,187,114,No,High,Yes,2,41990.64,1,Medium Risk
87,Male,34.2,139,182,76,No,High,Yes,6,47483.52,1,High Risk
56,Male,23.4,133,176,132,No,Low,No,1,35578.88,1,Medium Risk
73,Male,24.2,138,203,124,No,High,No,0,36995.59,0,Low Risk
80,Male,32.5,121,214,102,No,Low,No,1,42683.81,0,Medium Risk
63,Female,30.9,134,154,71,No,High,No,6,39129.29,0,Medium Risk
28,Female,25.3,109,164,92,No,Low,No,2,33669.31,0,Low Risk
79,Male,31.7,135,175,84,No,Moderate,No,2,39592.58,0,Medium Risk
42,Female,37.0,115,202,104,No,Low,No,1,35347.04,0,Low Risk
88,Female,34.9,157,226,116,No,Low,No,1,51492.43,0,High Risk
69,Male,24.7,137,173,86,Yes,Moderate,Yes,1,47365.46,0,Medium Risk
21,Male,27.5,102,149,104,No,High,No,1,24410.86,0,Low Risk
76,Female,26.8,117,187,115,No,Moderate,No,2,39805.63,0,Low Risk
89,Female,29.5,133,161,123,Yes,Moderate,No,2,47081.26,0,Medium Risk
37,Female,26.8,120,180,91,No,Moderate,No,2,34235.28,0,Low Risk
80,Male,28.6,136,195,84,No,Low,Yes,0,40151.11,0,Medium Risk
71,Male,24.3,140,211,115,No,Low,No,1,39420.63,0,Low Risk
74,Male,30.1,140,176,100,Yes,Low,No,4,50387.43,1,High Risk
58,Male,27.1,133,174,77,Yes,Moderate,No,5,45856.77,1,Medium Risk
20,Male,15.0,106,123,102,No,Low,No,2,25283.09,0,Low Risk
23,Male,38.4,102,154,123,No,Low,No,4,36384.38,1,Medium Risk
22,Female,33.5,111,146,89,No,Low,No,0,31296.82,0,Low Risk
22,Female,26.2,120,184,119,No,Low,No,3,33381.18,0,Low Risk
71,Male,30.6,130,183,104,No,High,Yes,6,42164.18,1,High Risk
64,Female,24.3,130,190,93,No,Low,No,0,36944.4,0,Low Risk
66,Male,38.8,130,193,95,No,Moderate,No,6,38750.44,0,Medium Risk
26,Male,37.8,106,150,117,No,Moderate,No,2,30679.29,0,Low Risk
37,Male,29.6,115,172,81,No,Moderate,Yes,3,35079.59,0,Low Risk
78,Female,36.0,139,217,118,No,Low,No,3,46187.05,0,Medium Risk
52,Female,30.5,116,161,89,No,Low,Yes,0,38321.31,1,High Risk
67,Female,23.7,123,205,92,No,Low,No,1,37483.2,0,Low Risk
79,Male,28.9,124,183,120,No,Moderate,Yes,1,40280.07,0,Medium Risk
34,Female,29.4,126,164,86,No,Low,No,1,32581.69,0,Low Risk
20,Male,25.7,105,173,80,No,Moderate,No,2,26244.51,0,Low Risk
49,Female,28.4,135,168,113,Yes,Moderate,No,6,45677.31,0,Low Risk
30,Female,28.0,128,171,114,No,Moderate,No,2,33289.66,0,Low Risk
85,Male,30.8,136,199,117,Yes,Moderate,No,3,50092.58,0,Medium Risk
31,Female,28.8,104,174,81,Yes,Moderate,Yes,2,39394.08,0,Medium Risk
28,Female,23.1,89,117,79,No,High,No,7,23952.93,0,Low Risk
73,Male,27.1,115,158,103,Yes,Low,Yes,3,54874.35,0,High Risk
84,Female,24.8,119,212,109,Yes,Moderate,Yes,1,48443.49,0,Medium Risk
46,Male,34.2,136,205,82,No,Moderate,Yes,2,37849.47,0,Medium Risk
26,Female,17.8,107,141,95,No,Moderate,No,2,27145.53,0,Low Risk
84,Female,37.0,143,205,111,No,Low,No,2,47652.11,1,High Risk
42,Female,36.0,100,189,71,Yes,Moderate,No,1,42661.26,0,Medium Risk
59,Female,28.4,113,202,85,Yes,Low,No,1,44606.29,0,Medium Risk
26,Female,15.3,114,117,76,Yes,Low,Yes,1,37212.41,0,Medium Risk
57,Male,28.0,127,168,97,No,Low,No,1,36355.72,0,Low Risk
42,Female,28.8,117,171,122,No,Low,Yes,2,38669.46,0,Low Risk
22,Male,23.0,113,175,89,No,Moderate,No,2,27664.92,0,Low Risk
28,Female,25.8,127,217,76,No,High,Yes,2,34957.9,0,Low Risk
76,Male,38.5,134,201,111,Yes,Low,Yes,0,54560.89,1,High Risk
55,Male,33.1,126,161,94,No,High,No,2,34031.3,1,Medium Risk
89,Female,26.8,138,212,112,No,High,No,5,44774.48,0,Low Risk
22,Male,20.1,130,185,93,No,High,No,2,28026.32,0,Low Risk
65,Female,28.6,106,194,119,No,High,No,2,39382.35,0,Low Risk
35,Male,27.7,122,155,91,No,Moderate,Yes,2,29932.35,0,Low Risk
87,Male,33.8,138,228,134,No,Low,No,2,48609.54,0,High Risk
54,Female,27.0,128,197,110,No,Moderate,No,2,37620.19,0,Low Risk
77,Male,33.4,128,182,95,No,Moderate,Yes,4,41960.94,0,High Risk
65,Male,39.9,132,208,138,No,High,Yes,4,45590.91,0,High Risk
45,Female,33.3,129,203,101,No,High,Yes,3,40930.5,0,Medium Risk
86,Male,31.1,168,230,95,No,Moderate,No,2,42159.55,0,Medium Risk
57,Female,28.9,132,186,123,No,Low,Yes,1,43215.4,0,Medium Risk
62,Male,28.3,117,182,131,Yes,Low,No,1,48087.7,0,High Risk
79,Male,36.9,133,231,107,Yes,Low,No,2,51123.92,1,High Risk
75,Female,27.6,126,172,95,No,Moderate,Yes,3,41509.46,1,Medium Risk
84,Male,31.4,118,214,105,Yes,Moderate,No,2,49649.77,1,Medium Risk
73,Male,30.9,128,171,114,No,High,No,2,35719.53,1,Medium Risk
57,Male,27.3,131,207,117,Yes,Moderate,No,2,42934.02,0,Medium Risk
57,Male,23.0,109,177,104,No,High,No,4,32096.21,0,Low Risk
50,Female,31.1,133,210,98,No,Moderate,No,4,39807.74,0,Low Risk
23,Male,27.8,115,175,110,No,High,No,4,30490.96,0,Low Risk
36,Female,31.3,110,152,88,No,Low,Yes,4,36147.54,0,Medium Risk
57,Female,27.2,122,214,113,No,High,Yes,1,39548.94,0,Medium Risk
76,Male,36.9,152,236,103,No,Moderate,No,1,41599.35,0,Medium Risk
76,Female,26.4,138,214,109,Yes,Low,Yes,0,49284.5,0,High Risk
65,Male,38.8,132,184,103,No,Low,No,1,40898.77,0,Medium Risk
58,Female,21.2,118,175,95,No,High,Yes,2,37244.48,0,Medium Risk
30,Male,30.7,115,175,85,Yes,Low,No,4,42914.08,0,Medium Risk
62,Female,32.5,123,179,121,No,Moderate,Yes,2,41900.0,0,Medium Risk
70,Female,26.5,107,227,90,Yes,Low,No,2,46883.25,0,Medium Risk
59,Male,32.1,147,193,89,No,Moderate,No,4,37892.07,1,High Risk
80,Female,37.4,139,153,140,No,High,Yes,1,45076.85,0,High Risk
44,Female,18.1,118,177,105,No,Moderate,Yes,1,31307.9,0,Low Risk
55,Male,32.3,125,181,63,Yes,Moderate,No,3,42432.9,1,Medium Risk
77,Male,18.4,120,189,91,No,High,Yes,1,35443.95,0,Medium Risk
24,Female,23.4,106,155,60,No,Moderate,No,2,23759.35,0,Low Risk
22,Female,36.2,98,188,76,No,High,Yes,1,30576.85,0,Medium Risk
62,Female,27.2,148,211,60,No,Moderate,No,0,36908.34,0,Medium Risk
75,Female,24.9,117,200,100,No,Low,No,4,41083.2,0,Medium Risk
48,Female,28.4,110,174,78,Yes,Moderate,No,1,39945.57,0,Low Risk
40,Female,39.3,118,184,98,No,Moderate,No,2,34819.0,0,Low Risk
59,Male,20.8,134,182,71,Yes,Low,No,0,44741.18,0,Medium Risk
27,Male,23.1,109,148,88,Yes,Low,No,1,34712.08,0,Low Risk
49,Female,36.9,113,200,93,No,Low,No,1,39304.33,0,Low Risk
70,Female,39.8,147,213,129,Yes,Moderate,Yes,0,53860.82,1,Critical Risk
47,Male,28.8,128,212,116,No,High,Yes,0,36172.41,0,Low Risk
56,Male,23.6,127,207,108,No,Low,No,4,38776.64,0,Medium Risk
48,Female,39.9,133,176,95,No,Moderate,No,1,35153.25,0,Low Risk
19,Female,35.9,137,186,119,No,High,Yes,0,34803.43,0,Medium Risk
29,Male,31.8,136,153,68,No,Low,Yes,0,36894.88,0,Medium Risk
56,Male,25.7,115,198,76,No,Moderate,No,4,37874.4,0,Low Risk
83,Male,30.9,152,194,106,No,High,No,4,41121.43,0,High Risk
30,Male,27.7,117,149,123,No,High,No,2,29132.82,0,Low Risk
63,Male,31.8,133,198,98,No,Low,No,2,44423.94,1,Medium Risk
44,Male,36.5,106,132,95,No,Low,No,1,36866.35,0,Low Risk
34,Female,33.1,115,141,71,No,Low,No,1,31614.56,0,Low Risk
77,Male,25.5,122,193,117,No,Moderate,No,1,36520.97,0,Low Risk
81,Female,37.9,147,210,123,No,Moderate,Yes,5,52012.84,1,High Risk
52,Female,31.2,134,178,109,Yes,Moderate,No,0,42027.62,0,Medium Risk
87,Male,34.8,118,178,100,Yes,Low,No,5,54901.05,1,High Risk
47,Female,36.7,124,171,88,Yes,Low,No,1,46573.41,0,Medium Risk
88,Male,25.8,146,211,87,Yes,Moderate,Yes,1,52098.07,1,High Risk
80,Female,30.8,133,214,107,Yes,Moderate,No,0,48582.79,0,Medium Risk
45,Male,26.6,126,177,77,No,Moderate,Yes,1,33158.17,0,Low Risk
77,Female,23.0,133,217,84,No,Moderate,Yes,2,44397.2,0,Medium Risk
54,Female,31.4,128,195,92,No,Low,No,2,38466.59,0,Medium Risk
39,Male,41.5,121,171,90,Yes,Low,No,0,43760.46,0,Medium Risk
85,Male,22.0,120,193,96,No,Low,No,3,39834.61,1,Low Risk
37,Female,28.7,105,147,99,No,Low,No,3,34162.62,0,Low Risk
85,Female,34.5,145,206,110,No,Low,No,3,44854.16,1,High Risk
81,Male,31.7,135,226,102,No,Low,No,1,42129.87,1,Medium Risk
34,Female,28.1,113,186,94,No,Low,No,1,32294.24,0,Low Risk
29,Male,22.0,105,193,72,No,Low,Yes,2,34046.74,1,Low Risk
39,Female,30.1,115,171,95,No,Moderate,No,0,30292.25,0,Low Risk
34,Male,24.9,124,197,92,Yes,Low,No,2,37353.32,0,Low Risk
27,Female,17.4,103,156,62,No,Moderate,Yes,2,24145.93,0,Low Risk
82,Male,37.1,125,238,124,Yes,Moderate,No,1,48831.13,0,Medium Risk
39,Male,33.7,127,179,81,No,Moderate,No,0,35155.66,0,Low Risk
67,Male,30.6,127,208,103,No,High,No,3,37474.9,0,Medium Risk
31,Male,29.7,115,201,108,No,Low,No,2,35161.11,0,Low Risk
81,Female,36.4,154,203,122,Yes,Moderate,No,1,53819.45,1,High Risk
64,Male,31.3,128,197,102,Yes,High,Yes,1,46998.88,1,High Risk
46,Female,33.8,125,210,91,Yes,High,Yes,1,45586.46,0,Medium Risk
53,Male,28.2,110,181,111,Yes,Low,No,0,45357.83,0,Medium Risk
69,Male,37.0,131,174,115,Yes,Low,No,3,51114.97,1,High Risk
24,Male,29.8,118,211,79,Yes,Low,No,3,43729.37,0,Low Risk
46,Male,30.3,105,172,83,Yes,Moderate,No,2,41452.74,0,Medium Risk
28,Male,22.0,111,167,60,No,Moderate,No,2,25039.32,0,Low Risk
50,Male,30.9,123,207,99,No,Low,No,1,36106.17,0,Low Risk
23,Female,24.0,109,150,85,Yes,Moderate,Yes,6,39042.14,0,Medium Risk
49,Male,26.3,130,160,112,No,Moderate,Yes,1,38442.67,0,Low Risk
68,Female,26.3,131,196,106,No,Moderate,No,3,37956.83,0,Low Risk
75,Female,25.4,144,159,122,No,High,No,1,35628.7,0,Medium Risk
43,Male,39.8,114,181,88,No,Moderate,No,2,36171.71,0,Low Risk
63,Male,36.8,132,202,120,No,Low,No,1,41757.67,1,Medium Risk
46,Female,38.9,126,183,91,No,Moderate,No,0,37089.69,0,Low Risk
21,Female,21.9,96,129,96,No,Low,No,2,31520.29,0,Low Risk
30,Female,28.9,123,202,68,No,Moderate,No,1,32913.02,0,Low Risk
56,Male,23.3,144,184,99,No,High,No,2,33133.76,0,Medium Risk
32,Female,25.1,112,197,60,No,High,No,1,24929.61,0,Low Risk
46,Female,24.7,123,172,89,No,Moderate,No,3,32182.88,0,Low Risk
46,Female,35.5,124,168,104,No,Low,Yes,1,42371.47,0,Medium Risk
49,Female,27.5,113,186,87,No,Low,No,2,33458.57,0,Low Risk
19,Male,33.3,93,163,73,No,Moderate,No,3,32579.51,0,Low Risk
64,Male,33.2,122,171,115,Yes,Low,No,6,49925.01,1,High Risk
39,Female,40.5,109,215,96,No,Moderate,No,4,38328.15,0,Low Risk
44,Female,21.8,133,161,84,Yes,Low,No,2,40147.54,0,Low Risk
84,Male,37.5,138,173,110,No,Low,Yes,2,48832.33,0,High Risk
73,Male,36.4,131,229,146,No,Low,No,0,42308.66,0,High Risk
38,Male,24.0,123,161,108,Yes,High,Yes,2,44539.72,1,Medium Risk
64,Male,35.2,119,184,120,No,Moderate,Yes,4,45575.4,0,High Risk
76,Female,32.5,126,166,112,Yes,Low,No,1,51872.81,0,High Risk
23,Female,27.0,110,200,90,No,Low,No,2,29372.93,0,Low Risk
36,Male,24.7,124,145,60,Yes,Moderate,No,1,36164.92,0,Low Risk
74,Male,27.1,135,197,92,No,Low,No,3,42989.51,0,Low Risk
86,Male,41.5,145,233,105,No,Moderate,No,4,48490.93,0,High Risk
20,Male,28.0,110,172,60,No,High,Yes,1,25956.81,0,Low Risk
18,Female,31.8,114,165,70,No,Moderate,Yes,1,30393.01,0,Medium Risk
75,Female,26.8,132,162,73,Yes,Moderate,No,2,44264.78,0,Medium Risk
55,Female,25.9,112,167,96,No,Moderate,Yes,3,36248.34,0,Medium Risk
32,Male,34.0,117,180,105,Yes,High,No,1,42010.53,1,Medium Risk
51,Female,22.8,108,163,111,Yes,High,No,3,35878.61,0,Medium Risk
78,Female,28.8,133,203,111,Yes,Moderate,No,5,51839.02,0,Medium Risk
52,Female,29.8,118,198,83,No,Low,Yes,4,38806.43,0,Medium Risk
81,Male,31.6,161,223,77,No,Moderate,No,1,39529.56,1,Medium Risk
42,Male,28.2,118,153,67,Yes,Low,No,2,36411.89,0,Low Risk
41,Male,31.0,105,223,75,Yes,Moderate,Yes,1,42300.62,1,Medium Risk
29,Male,31.9,113,188,78,Yes,Moderate,No,2,41855.75,0,Medium Risk
35,Male,32.4,122,176,91,No,Low,No,1,34526.6,0,Low Risk
32,Male,23.7,128,189,73,No,Low,No,1,28494.57,0,Low Risk
44,Female,27.8,113,225,99,Yes,Moderate,No,5,46328.06,0,Low Risk
89,Female,37.4,125,184,108,No,High,Yes,1,47629.75,1,Medium Risk
77,Male,35.3,144,199,107,No,Moderate,No,3,42805.06,0,Medium Risk
63,Male,23.3,110,138,115,No,Moderate,Yes,3,40745.21,1,Medium Risk
34,Female,30.5,111,178,74,No,Low,Yes,4,39230.35,0,Medium Risk
70,Female,20.6,123,195,105,No,Moderate,Yes,7,43247.97,0,Medium Risk
25,Female,28.5,111,167,88,No,Moderate,Yes,2,31268.64,0,Low Risk
44,Female,38.7,131,174,93,No,Moderate,No,4,39451.45,0,Low Risk
63,Female,25.4,118,147,112,No,Low,Yes,2,40796.74,0,Medium Risk
67,Female,26.2,124,198,113,No,Moderate,No,2,39103.17,0,Low Risk
88,Male,35.2,140,240,96,No,Low,No,2,44936.87,0,Medium Risk
20,Male,20.3,107,146,81,Yes,Low,No,1,34312.0,0,Low Risk
81,Male,27.9,134,209,109,Yes,High,No,1,44712.14,1,Medium Risk
61,Male,33.0,132,161,97,No,Low,No,6,36575.4,0,Medium Risk
70,Male,27.3,137,203,110,No,Low,No,2,42535.18,0,Low Risk
41,Female,27.9,121,169,97,No,Moderate,No,1,29506.27,0,Low Risk
77,Female,34.6,140,188,134,No,High,No,1,41635.65,1,High Risk
20,Female,30.1,94,150,65,No,Moderate,No,6,29998.32,0,Low Risk
37,Male,30.2,117,168,91,Yes,Moderate,No,4,41288.35,0,Medium Risk
63,Female,28.5,131,198,86,No,High,No,2,35350.16,0,Low Risk
32,Female,30.5,122,147,100,No,Low,No,1,33987.51,0,Low Risk
42,Male,28.5,111,170,69,Yes,Moderate,Yes,2,42696.34,0,Medium Risk
88,Female,33.7,132,208,115,Yes,Moderate,Yes,0,55716.64,0,High Risk
34,Male,26.2,108,149,81,Yes,High,Yes,0,40541.48,0,Medium Risk
26,Male,27.4,116,203,77,No,Low,No,5,33554.53,0,Low Risk
55,Female,24.8,132,165,74,No,Low,Yes,0,37828.16,1,Medium Risk
65,Male,30.1,124,179,94,No,Moderate,No,0,33789.03,0,Medium Risk
77,Male,26.8,140,178,120,No,Moderate,No,4,41100.39,0,Low Risk
80,Female,25.4,133,234,103,Yes,Moderate,No,1,49753.7,0,Medium Risk
19,Female,29.2,108,175,96,No,Moderate,No,2,29228.39,0,Low Risk
89,Male,32.5,137,190,134,No,Low,No,3,47103.33,1,High Risk
28,Male,32.3,122,194,95,No,Moderate,No,3,32029.28,0,Low Risk
81,Male,28.9,137,205,97,No,Moderate,No,2,41540.3,0,Low Risk
89,Female,33.5,162,215,117,No,High,No,5,47952.28,0,High Risk
38,Male,31.7,110,171,85,No,Low,No,3,36023.45,1,Low Risk
35,Male,31.0,122,160,85,No,High,No,0,29077.85,0,Low Risk
81,Female,26.9,128,206,82,No,Moderate,Yes,5,42006.58,0,Medium Risk
55,Female,30.5,116,176,112,No,Low,No,2,37235.22,0,Medium Risk
49,Male,31.3,122,220,91,Yes,Moderate,No,3,45261.53,0,Medium Risk
28,Female,28.4,114,144,92,No,Low,No,1,36328.39,0,Low Risk
62,Female,19.7,151,213,80,No,High,No,2,33658.84,0,Medium Risk
50,Male,30.3,120,182,103,No,High,No,0,33082.41,0,Low Risk
58,Male,41.0,119,203,92,No,Low,No,2,40096.69,0,Medium Risk
25,Female,26.4,113,182,85,No,Low,Yes,1,32247.01,0,Low Risk
28,Male,24.8,90,154,101,Yes,Moderate,No,2,33935.25,0,Low Risk
68,Female,32.3,129,213,115,No,Moderate,Yes,3,40155.08,1,Medium Risk
58,Male,31.5,126,135,99,No,Moderate,No,2,37655.44,0,Medium Risk
34,Male,34.7,126,163,67,No,Low,No,2,29408.84,0,Low Risk
63,Male,23.9,134,168,143,Yes,Moderate,Yes,1,46540.54,0,High Risk
49,Male,33.1,118,160,124,Yes,Low,No,2,43085.81,0,Medium Risk
71,Male,33.5,131,195,115,Yes,High,No,2,44931.87,1,Medium Risk
37,Male,28.1,108,182,81,No,High,Yes,4,35844.83,0,Low Risk
50,Female,31.2,111,199,95,No,Moderate,No,1,35580.16,0,Low Risk
57,Female,35.0,130,197,92,No,High,Yes,3,38708.39,0,Medium Risk
49,Female,33.8,111,173,117,No,Low,No,1,36734.44,0,Low Risk
19,Female,22.2,102,166,88,No,Low,No,2,27089.51,0,Low Risk
50,Male,33.6,114,189,86,No,Moderate,No,2,34803.15,0,Low Risk
47,Female,29.0,126,200,88,No,Moderate,No,0,34423.75,0,Low Risk
50,Male,29.9,140,199,113,No,Moderate,No,1,39740.46,0,Low Risk
43,Female,29.5,106,180,118,No,High,Yes,3,32392.19,0,Low Risk
39,Female,28.2,98,158,115,No,High,No,3,30980.01,0,Low Risk
83,Female,37.1,138,196,121,No,Moderate,No,2,44071.43,1,Medium Risk
55,Female,29.3,124,175,94,No,Moderate,Yes,1,40152.52,0,Medium Risk
63,Female,24.6,127,181,60,No,Low,No,1,36705.32,0,Low Risk
32,Male,26.6,109,175,94,Yes,Low,Yes,0,42930.43,0,Medium Risk
61,Male,30.9,125,205,100,Yes,Moderate,No,1,45523.21,0,Medium Risk
66,Female,36.4,135,197,106,Yes,Moderate,No,2,47369.84,0,Medium Risk
78,Male,33.9,146,204,107,No,Moderate,No,0,43497.17,1,Medium Risk
84,Female,26.9,115,204,86,Yes,Low,No,3,51591.21,1,Medium Risk
23,Female,40.6,113,165,101,Yes,Moderate,No,2,43593.84,0,Medium Risk
26,Male,29.6,114,150,99,No,Low,Yes,4,37975.26,0,Medium Risk
23,Female,34.5,104,136,100,No,Moderate,No,1,30923.44,0,Low Risk
49,Female,28.7,138,168,110,No,Low,No,4,41759.41,0,Low Risk
58,Female,32.6,120,200,109,No,Low,No,2,41085.32,0,Medium Risk
25,Female,32.4,113,156,84,Yes,Low,No,1,39736.09,0,Medium Risk
89,Female,37.5,147,208,110,Yes,Low,Yes,5,60589.08,1,Critical Risk
67,Female,35.6,126,208,105,No,High,No,5,40933.36,0,Medium Risk
79,Female,35.3,118,216,109,No,Low,Yes,2,46644.51,0,High Risk
79,Male,29.4,129,179,120,No,Low,Yes,2,48046.15,0,Medium Risk
24,Male,25.3,120,184,96,Yes,Moderate,No,3,38154.97,0,Low Risk
21,Female,29.7,107,188,119,No,Moderate,Yes,3,35003.39,0,Low Risk
23,Male,32.8,104,147,123,No,Low,Yes,2,36101.24,0,Medium Risk
75,Female,29.6,141,182,105,Yes,Low,No,3,56810.63,0,High Risk
39,Female,34.3,116,204,60,Yes,High,Yes,2,41189.31,0,Medium Risk
43,Male,36.4,117,181,116,No,Moderate,Yes,0,36103.85,0,Medium Risk
20,Female,23.4,108,116,77,No,Moderate,Yes,2,25724.38,0,Low Risk
58,Female,25.7,131,157,85,No,Moderate,Yes,4,38109.42,1,Medium Risk
77,Female,30.1,157,195,99,No,Low,No,0,43245.47,1,High Risk
31,Male,30.1,123,149,84,No,Low,No,4,32225.77,0,Medium Risk
29,Male,25.8,123,159,98,No,Moderate,No,0,27358.7,0,Low Risk
29,Male,35.2,111,176,69,No,High,No,2,29788.11,1,Low Risk
30,Female,30.6,104,201,75,No,Low,Yes,0,34411.88,0,Medium Risk
42,Male,29.3,119,172,99,Yes,High,Yes,1,42279.52,0,Medium Risk
